,SPATIAL_ID,greenness_mean,greenness_median,greenness_std
0,db18d467-0bc4-4278-9b82-9755c5f36e74,420.7647596621046,401.75665283203125,126.687249480109
1,43b81a0b-c4f8-4233-a722-16c99b2f65a1,479.4296625834182,458.42779541015625,145.89794098835202
2,5bce13ba-ee4b-4d8b-9193-e83a73dab225,322.8258070373535,312.61595153808594,114.77143268559479
3,75278bfe-435b-4a9d-8ae0-5e820a9e9537,335.30486556124094,318.60595703125,99.3897002841159
4,a846dec5-61f9-4b93-b206-50b4b48f85f7,309.50800118927197,302.8004913330078,96.60122449925423
5,70748bd2-8877-4ce1-916b-1539e1743398,415.82854510786194,413.0806884765625,104.84652396424336
6,1ec506d9-7038-4855-af8c-4a7e8835e445,429.94417923031654,427.8028869628906,71.9819926719128
7,06205c22-4629-4094-b1ec-6c5fe31ff604,329.20527409572225,324.66900634765625,116.04098040541967
8,45257adc-ae04-4e8b-9b34-21a782a7174b,482.09993353496026,473.4964904785156,91.01183673437527
9,88eae3e8-1686-4239-abb8-c2d802ce7398,571.2404285260101,558.6914672851562,173.7867024800805
10,a9def17a-bafa-43a5-ae1d-88398a1270a2,394.6456514819672,390.1831970214844,138.7999395062533
11,83ad9af6-c41c-4c63-b41a-d15c0b02cd44,316.2846955999813,293.5295104980469,141.3522633837253
12,228d50ee-7fb1-45ad-bcee-d98898c50deb,324.2133489982428,309.0903015136719,124.20300884834867
13,b02e9df7-9593-451d-bee5-6e2e2d8ad9b2,514.6721709813827,520.6763916015625,116.6850730867022
14,b7c2ed2b-8490-4c95-bebd-bd403574b886,536.6566772040585,539.3947143554688,86.2846750702753
15,734fdf5a-6c92-4b99-828c-aff91654618c,473.1884720529053,497.93951416015625,123.33422955501692
16,1a078770-c62e-417b-b7f2-adcad1f24af8,469.48291951238974,474.0498962402344,119.24420519987237
17,1255f3b0-0e0c-46ea-a882-e9ef983d19fa,602.584216501639,603.0800170898438,114.68052201753993
18,30c499bb-37fb-4135-8321-2a3be3012f21,492.6035277048747,485.8122100830078,99.25127515629228
19,f16d8781-ac4d-4510-a04e-aa1299f669bc,406.9616960887036,397.0552062988281,99.85124918096818
20,b9e34e85-02eb-4f13-937f-a2bec206c9db,435.10800279889787,422.1060028076172,113.18070189989078
21,c03f52f4-2612-43fa-ae29-350337057aa9,417.90959668648907,416.5693054199219,104.82296020420875
22,b0884e40-f9fa-4a46-9c72-1c8d925d8916,448.2155796397816,453.9952087402344,74.72493001501762
23,5a959b18-b701-43e4-b7d0-dac97f091c87,410.9663383201317,413.5609130859375,76.79644180942414
24,01c4df5f-97e4-4a62-9ae3-7014ec2da5ed,463.7454873345115,454.33900451660156,125.59401791612004
25,bc95a718-7564-4ff2-9b99-a3b1d9cc0768,395.38980018114455,388.2743377685547,126.37126624605145
26,19db2924-bc76-466d-8da9-f625603ef64e,408.07563366609463,404.80274963378906,94.7309828871969
27,615b40d2-ba76-46bc-ac7d-b5f9392403ca,415.40755704599337,415.5014953613281,87.77899160740786
28,205423e1-a21c-40e2-ad96-f6e17b58e0d6,517.4791621067875,500.76611328125,147.3571021865462
29,8cfbbf99-a678-4999-b4af-a23b7bc7f7e2,424.29048358102517,416.04400634765625,109.37184806666073
30,6cd90a24-a443-497b-85ee-8e5c44f662a8,399.06486551385177,393.37860107421875,97.65384773531034
31,f3cea7f1-a12e-49b9-a811-0c3d13999def,286.7254462209689,292.06988525390625,92.43398837838757
32,db667b5e-a0c3-4c05-8798-241623358321,341.9692456321995,302.9096984863281,176.20119041378058
33,b460667e-8bf9-4148-aaa7-9d29c1f239ec,397.04316988139027,389.60105895996094,146.33431150475215
34,1719e74f-dbf0-41f5-a959-ade2d5dc34cf,434.01026649142744,425.35365295410156,112.82213194326636
35,adea036c-7c6f-4483-8812-fd3ac8988691,584.9271598114609,583.3220825195312,128.2294236491169
36,b6eb39e8-3fb6-492d-a2d4-c040e54a9970,460.100039935124,454.12744140625,116.29729656582997
37,bab144f4-8f61-427c-aea9-88f9a4ec007e,427.7745038247495,428.21319580078125,128.96694662656836
38,0f77bda7-393c-4f00-9dc8-9ed87645324d,467.4559832310071,465.10101318359375,111.67033282603141
39,24c16024-d43f-4132-8846-1015320b3f8a,256.09854866277976,221.69080352783203,141.866090179385
40,626a2ac7-911b-431b-8f81-b318ffeef7d3,461.30929657350106,442.5802917480469,164.0297267071055
41,ff4f905d-ddfc-40f7-91d5-8f2d07d52b76,275.11805787704566,233.44140625,142.75530345544593
42,57a5512e-4be2-4b67-98d7-0ed5f3d31f75,330.1682233327325,322.36151123046875,122.60356381814962
43,8f5cfcbb-4aad-41d6-a602-ae0b8ad0a59a,405.7623959072566,408.78594970703125,156.85455477691193
44,5e682267-8821-4975-bcca-55468e1bcb79,433.27651085765507,416.05609130859375,151.01113203761952
45,0201da3a-b2f1-41ae-a321-8510fae62f80,336.5800060541138,312.73919677734375,124.8667991221992
46,172f41f2-e753-4632-b5ce-7ecde14c039e,334.72713114484714,306.76019287109375,132.14710518762288
47,db3e35be-a297-44f4-ac84-c5de4568a138,376.52847375602363,346.5262145996094,113.06469129566686
48,ba0e312a-2ae0-43ce-b645-419b6dbe8d4f,316.34616722275325,297.6517028808594,125.04753865821662
49,e584a0cb-29c5-4003-83fb-2c69a8a3173a,462.5051221466064,454.1488952636719,131.90079810104737
50,7b51ec9f-9707-4e7f-a617-662734cdd148,436.52254397627235,416.16064453125,125.36704158473118
51,2960ed31-5f8e-436f-a309-11f125abeff6,220.86754878563218,191.59030151367188,80.58566267490674
52,d4cee85e-2691-4f70-bbef-7ce14b02ab2b,319.9327488296602,322.4993438720703,86.42088509395255
53,2ef7b7e7-1ec2-48e6-ae5c-0db98d7f6413,216.41171060459249,198.87179565429688,91.52343898105397
54,5266110a-5209-4034-96b2-fc8c4bec3f04,387.08316544752853,379.427490234375,131.20144668896268
55,887a9a62-9ec4-44e9-876e-501064c41146,329.6565598855939,324.33135986328125,131.68738795714376
56,f2b18dd6-0458-4210-a89b-21cadd72fd76,375.5346908101275,376.4731140136719,88.33101516761205
57,8a98cdbd-1773-4631-a6f6-9e58d050f10e,486.92851916814254,495.6846923828125,136.3063679075827
58,0f2c6bf3-9920-44a9-9a3f-4e2db9f29ee5,367.93221961609044,368.98284912109375,189.78209674299214
59,3a31acb7-b39a-4b05-a619-8115467a3249,473.13676949315425,456.24420166015625,164.3667471045596
60,234dc138-6eea-4b94-a51b-b65229d992ce,305.9770342508952,295.5345916748047,111.71226944035072
61,fb5530df-b967-45ab-9a85-bfbdb042c4bf,344.74340839465793,350.6510009765625,68.1684394555358
62,95bf80f8-23f0-4b2a-8d25-d0fd2413ecfc,447.8863793905679,446.4539031982422,112.2889143181116
63,acdb36bd-3ff6-4d7f-aeea-89592d630587,527.4043221681014,511.8310546875,154.0535554854573
64,28cb16bf-e314-4a08-9c9b-e8bcc4e157e9,285.70481867940936,258.6592102050781,116.75095184953953
65,1e3af484-3f4f-49de-a6ee-e4c81f1367d9,461.0287934471579,440.55955505371094,157.30079306704258
66,a8e95b92-e1c9-45f2-a3e6-aaeef466930f,354.914369987719,328.48760986328125,124.12858711967999
67,88fd7b27-c61a-460e-9d1e-59be6e213b09,262.56630373878056,234.54550170898438,122.30653199013207
68,44fd29b6-7bf1-4667-a19e-c6826723910c,367.2299105152147,334.77911376953125,138.12451219779226
69,078e84bf-42ef-4439-a810-6b4dacc1322b,290.3091372226147,261.48529052734375,113.0308703730593
70,ddcd6619-5a0d-41c4-85b9-3e027606a560,312.47754677958875,322.287109375,123.57593848299979
71,10513c6d-22eb-465c-af07-abf1224e04fd,411.7153498630898,392.94189453125,109.2589980484582
72,288636e1-7a52-489a-b881-171cc30027b9,618.8609511852264,580.4328918457031,211.68512340742757
73,5960b8a8-6813-4155-85c3-74d541cd9115,301.2015393231366,288.75970458984375,113.45879214792699
74,5df9d17a-be52-4b12-a668-e6caaa287ffc,342.20962586591946,315.05859375,147.42389722643452
75,9b2ee871-8dee-42dc-ae5a-75b961c93d5b,329.8645714751945,309.0281982421875,111.34436156936641
76,3d8acef5-ebde-4bfa-ae85-506d5acf5354,294.7730751233223,254.98480224609375,135.95388488498477
77,2ea795f5-c95d-496f-81d2-5244ee28a8be,273.91455999587185,253.75125122070312,113.20546971458921
78,1584baf9-ac94-4d56-8a7b-67e53ba93397,304.3918034502568,273.6940460205078,129.26442356320328
79,5fc22726-897f-45f3-a658-7084d24397fc,304.5057738167899,305.3474578857422,117.81013333683147
80,aafc55b0-cbc5-4f04-b4f3-05d552b14230,222.208525514291,216.4049072265625,76.86639999560613
81,31e0d117-ae74-4ffd-8287-7288cdcfb13a,540.8278671909386,539.4149780273438,222.6759077162054
82,5d3522c9-3bb1-41d7-a17b-a89f74c2d2e0,462.7384285926819,432.6243896484375,165.42209070057638
83,d49bb061-0747-4035-ab19-f451098f60a0,566.1252353766025,561.4268188476562,181.58938669185912
84,a62a1d64-050f-46a6-881b-3d376296cf1d,206.64149679616094,170.40719604492188,131.9166108368983
85,0822f549-86fc-463b-b411-eecdba84037f,293.7075311350268,250.87654876708984,150.06144316432204
86,550acc3b-2ef4-450e-9b8b-64cc9b288876,231.20641253729286,210.89410400390625,107.75539221689941
87,4fedda98-dcbb-44bb-bd0b-b42ff69752c7,339.95351354854625,321.8359069824219,134.63649195755644
88,fbdefff2-dc49-47ec-95f8-aa657d123f08,217.92524212393792,206.65699768066406,104.17864754857133
89,5847c6f0-3034-46d1-8efd-d0dd066e3fee,189.8887278011867,181.8331527709961,71.47741370081903
90,32a2d918-df6a-4707-be4a-2dcaf41bcae1,150.99588460329048,148.1815948486328,64.85869471400022
91,60ae1573-f25d-44c4-9cc9-617fbe4e5263,142.71261263730233,130.3579559326172,82.34183774701651
92,e8319a70-49c2-4edd-baef-f8e1879226ab,211.26951988360062,201.98049926757812,86.89176006727105
93,d336b22d-15f0-4c97-8c74-27c6bd719d01,221.55853517413576,221.84829711914062,68.56033638206891
94,9e381a2a-723f-4fa5-863d-36bb60a1d719,228.08655371489348,227.79195404052734,66.23231322368963
95,b26848b0-4b4e-4d92-a617-bf5910979cfe,264.5850991322985,265.63470458984375,80.5677664227727
96,915cc7ed-4b39-4b48-b84d-67aa4128428b,199.40918234991534,185.66559600830078,87.80963036194224
97,75abc653-4a27-4b60-8727-e41b54eed26b,225.03275122684715,194.4730987548828,123.40544294195814
98,3e188234-902e-48a1-992f-033375756663,234.4677967529297,223.13294982910156,91.75987967535967
99,4dd498dc-5bca-4a8a-8641-f7918405eb6e,179.28837794149624,168.6988983154297,74.37440063595426
100,6477b1d0-5bce-4545-aac2-f6abe8c390df,361.0908875631974,218.2655029296875,341.67100233184806
101,2cd78099-2890-43b2-9ed1-b3fc32554144,311.1718573542147,314.1355895996094,110.00303500325055
102,86d6e304-b4c3-4dcc-a92d-ceb7e519ad1f,253.88311066498628,251.0875015258789,73.39492318965624
103,e817b54a-08a2-40b7-8496-1906c797cca2,272.1956261105654,249.68285369873047,164.54371511791314
104,2375c7d2-14f1-4e7a-a493-a6c20ad25d0c,218.26473603871446,209.59890747070312,96.50858680500129
105,719e2194-b4d2-4660-80a3-8a5c033eb753,387.9557085927327,416.70030212402344,128.51285981596124
106,3ce7290d-167e-43b5-8ed0-28008b6d910e,241.53600076845072,237.71409606933594,60.649403451057594
107,9d03ebf1-b7db-4c4a-8849-b76044abec5e,294.29651135440474,301.4742126464844,76.83461298584011
108,72ef6850-508b-4e25-8d10-e2887a19404c,259.3613752583194,256.4855041503906,71.93252568432962
109,fb781c56-ada2-4c47-b033-9d3729a745ae,310.15425425670185,300.0030975341797,91.7611516562422
110,ba78b5f4-6a31-4e87-9b9e-8f9a098eb176,363.41910555655494,357.66400146484375,96.53054238317063
111,087a8312-5de9-4619-a6db-37d12692ac78,394.9947834180749,392.00950622558594,105.20378775091788
112,07d243ed-610b-42d4-b347-edce1e2065e1,260.03516558032015,254.88540649414062,79.6858347520407
113,980d31f6-ee2a-47fc-97a7-8c053a464d04,225.60755739985285,221.13494873046875,51.67315287411446
114,ef056887-16a4-48c4-a049-6a2c23f34204,277.2926990656563,257.3450927734375,111.69530479440506
115,380d8957-4eef-4498-bf9c-1539109eac3c,272.9299320133967,267.85260009765625,71.3284493262976
116,f63e0b66-f77d-4599-88e6-45b9df5b78af,268.40498712951063,258.89500427246094,92.57100790387275
117,2a14932b-3e9d-40e4-bb05-1cd33ccf06f6,186.98995128553742,169.74349975585938,104.83351543182177
118,1a9529ca-c69c-4047-8d14-04a488e79194,196.38804369970086,196.81390380859375,71.7176709308434
119,c50b2d6a-6652-4ec1-84a0-e01a3628901d,205.94847260831253,205.70159912109375,67.49366693394232
120,4d72e342-05f3-449a-9ffc-aec62a5295ca,217.3246288504652,212.27050018310547,72.56155656178316
121,6e9b009f-1d8a-4221-b016-4fde3e3f4838,293.9221722529485,291.44696044921875,106.88321301612781
122,d31ff835-d4ac-486c-b175-8d697eaedcac,247.03463381598976,235.8882064819336,77.19972801118668
123,6b1268f9-873b-49c7-aeee-45bd429f36a8,255.01156966469506,259.2595977783203,72.95702372418097
124,48c0a809-f7c9-4e81-a178-85c6db56ceb1,255.75234182116012,262.2334442138672,85.82899523521975
125,50e17809-8b35-4b46-b926-4394f303f733,224.80512811342876,229.28070068359375,75.96865680545002
126,89570840-b31c-42a2-8f0d-63a4090e8aa6,142.8600603625888,138.54989624023438,61.98657122729933
127,b28c70fb-0acb-43c5-af1a-613f2095a2b8,209.41054844856262,208.29630279541016,71.96287676657406
128,f7d49fbd-2120-4aa3-80cc-e47874af614b,269.3185985070148,238.17919921875,134.17912983479548
129,5e851a96-2109-4a17-b148-3d12085ee72c,304.96837653667313,293.0389099121094,111.68338690341369
130,9c3d3987-5971-4e6d-8026-80fef2aacef5,305.171873304579,303.7921142578125,79.5285384880954
131,9b0fc937-9e35-4a08-a01b-595ba8b64a04,234.7263897123791,219.31080627441406,80.76751469158756
132,84f31f13-ae41-4661-b0a8-747632f13e41,191.46899946236317,184.53750610351562,70.49837921518242
133,ba80829c-b4b5-4f9c-9e65-fb2476dfb9d2,269.7204588801921,273.5320129394531,84.28015260023373
134,b0f09fd5-ebb6-4a99-8341-42f50b9659ad,330.7399462040384,328.5924987792969,78.11417763112505
135,a73f7c3f-2c87-4cc4-b4d1-8c5a55700ee5,282.33324837020666,303.8923034667969,122.11341870911522
136,80bd163c-60da-43aa-9fa7-89e01343ef59,347.18282402292886,348.0850524902344,86.47783509294635
137,3e1f47e1-f056-4dbf-aea8-3f6d8faea618,314.41625616048685,319.66319274902344,75.61347980258844
138,d79f7b0c-9690-4af1-8539-48508b55aa5b,226.33325300545528,235.38249969482422,92.29911083593153
139,6fcaff16-0c2f-4b21-84e5-b95c3fe6a2eb,307.5405177066794,316.2300109863281,93.40049518640423
140,c25aad52-4281-44c2-979d-57e125907bd1,295.9299624962143,298.5285949707031,71.58443374322187
141,07fbdc2b-533a-4437-a8a8-2e0e6b34e25f,311.66233136103705,323.44969177246094,64.97621446402432
142,2e82d925-8af5-425e-bec5-45349c5639c1,190.15823067862283,187.1177978515625,72.70149795398139
143,cb21c3e0-c7ea-4656-87dd-68b6dd8f93a5,311.5257642527483,314.5823059082031,68.64141534401773
144,8fdac106-ebc3-4ed1-9752-8cd423d9f018,254.38017721211338,253.88619995117188,73.4645128931175
145,54a8dfda-1050-4ac8-80c1-3963328f674f,271.9674203773003,271.42559814453125,59.150883728386425
146,eea94d40-f46d-4037-97ae-830f62119108,282.0302040265954,279.38580322265625,53.105003778813824
147,7bb8d8fd-c147-4fa1-83ce-ecc5806fd99d,272.7164940637005,274.27989196777344,47.03543189625624
148,6ce0ffff-e4a7-4d19-9600-85db903980f0,268.4222933451335,268.7971496582031,58.43841358421002
149,be55ab53-7388-4112-9908-7026d25ecf84,271.1919128182008,280.82275390625,62.20055172091053
150,c8f228a8-aac5-4e2a-9161-e59d645c2cd0,268.5032417709763,273.5315399169922,66.43892246735358
151,28f553f6-bca5-47ea-9810-bda7d62da91f,265.9730235725049,265.10418701171875,51.00888713972789
152,3a0f9b74-c759-458f-9e7e-b5709192a3a2,211.2938470231726,214.022705078125,52.818055307645025
153,eb176cff-a77c-4d74-8785-ba216235311a,235.63077091408647,224.86740112304688,75.06733406231604
154,18254b40-d6f2-43c9-a5a8-6fa68154ad24,272.57480211509505,272.7956848144531,65.39807872864453
155,c9f4f010-46ef-4998-a0c5-d073bcb1044c,338.2099479040199,343.5018005371094,66.47870356363165
156,20c4dcff-4e09-40e0-8545-03130d84f491,291.93516486710035,293.581298828125,92.95619494998009
157,f9f67941-aed5-498e-8cb6-529b5adc8906,354.04138850823955,362.0007019042969,64.47856812101887
158,dc37cf81-dd65-4b8c-9485-cce527b1a5f0,284.2604848884134,289.21868896484375,77.83641646425815
159,9423a127-c711-4ccd-ab89-dfddea6fa80e,294.84396107991535,295.5111999511719,55.96979684665442
160,15f64096-9194-4aca-905b-a5af63a98805,297.5246922562762,308.21214294433594,63.014223916063614
161,fdcb4d7e-58fb-4774-a429-c833111e26de,269.92932103474936,263.2484130859375,79.17676050891039
162,2ea46b9a-63b5-450c-9c4a-ed26248dd349,203.79744854506913,207.18304443359375,81.14863145364004
163,61a3c264-e8cf-4f67-9e83-08c395930e28,280.6827249761873,281.2181091308594,73.0403257242106
164,aa988e1a-decf-4525-9eb7-97c50f1ca070,229.820392370224,231.1134490966797,67.31383682154451
165,ff8bd11d-b5cb-4290-9ee3-635c7425d7cf,195.140420218199,191.73440551757812,49.618762152378096
166,c88db62c-2e87-4036-b52d-9201657f7eab,257.05477211619717,254.74969482421875,93.03420151999337
167,517b2c89-225d-4630-b960-0ee3d1a90cac,160.41151552961807,155.63040161132812,64.12415660623968
168,78db93ee-2a86-40f1-9f63-8f82e8fa7cd1,403.3474681594609,409.4153137207031,90.68076380344006
169,ec1f06ba-dcf9-41c8-b1ad-bd72348cb774,373.9706730944045,373.79791259765625,81.34863938734189
170,68bce4b9-cc08-4c1a-9004-fe1d01a47e13,242.84802851132454,238.3769073486328,85.23202408290663
171,4dcd6f69-f174-4b00-a453-9146a3a727ce,250.69406084947184,241.0688018798828,83.70391244010412
172,4ca46c3e-0f7e-46df-a530-89ae9184b867,264.9667502157858,271.96319580078125,109.40631945548263
173,0e2656c4-9c09-488d-aee0-65813ccaa37f,240.65055101182725,218.51404571533203,89.77197543107019
174,3ee9074a-4dcd-49e9-b349-5336ec4377c2,229.65625613837074,217.18069458007812,83.01464526638144
175,d37a2370-44a8-455e-afd7-6e15010699d9,298.8447430464473,300.1575927734375,66.39159138405829
176,48429011-a1eb-427d-a3ea-56b269fc5675,312.21398671468097,305.0677032470703,94.92827276497994
177,e1d11e9a-2793-458e-8a2b-1685394abea9,229.66126969572787,223.38580322265625,77.46651491711381
178,d79b7d07-52a7-4868-a138-98869ed1f4d3,229.70269869780932,232.00144958496094,70.05154022071488
179,8700b56e-eb7f-4632-a0ef-160cac3db0ec,244.19010516301097,239.80860137939453,83.94674048827055
180,35726496-f946-4eb1-9366-d5c0121279d9,344.7615056160169,345.9033966064453,78.63982414252472
181,91c27b92-a848-4692-9396-2bc6df4aff35,314.60228563391644,312.4010009765625,68.95775583721833
182,0e006808-8f0f-4852-9728-50e8080dd318,318.4450297657679,315.5741882324219,77.69726082735401
183,fa91ec3b-89c5-4fa5-a92f-0145f3b8cb41,198.11590532396662,194.7304458618164,55.461581660945654
184,3c8fa5bb-1fe8-4b15-b8ad-826fd02c69a9,204.31706304619783,190.4449462890625,92.64009411960329
185,bccdef3b-d463-4434-9237-9819c854bf8a,214.51666731860757,203.69239807128906,77.79283534778345
186,9ea38a20-1b92-4c5c-96ea-fc2a3aeaed6e,237.96956525530135,250.79109954833984,75.59260535086536
187,3cea0ed8-33b7-4782-a5b8-352d33943c28,242.65202193372832,246.63519287109375,58.607665167683315
188,dd92580b-fc20-4dc0-a9bc-8523315b9ff9,278.0643238315921,274.5575866699219,70.58937484515822
189,e2b0022b-1702-45a6-9f18-c96dcc2b3d06,248.38356158683249,247.19549560546875,97.39702622335318
190,9a4ab111-d6a7-48df-9095-42c56ecaf66b,385.59931015585835,395.66680908203125,72.32780618259217
191,6bee0c6a-dd2f-45ec-a54e-c0142b6c3d22,244.14215935226036,227.9802474975586,98.30631355902362
192,65fd794f-1227-46f0-b591-b2007da82a65,266.82241491576536,265.4158020019531,61.080120007173846
193,28208b61-7975-4a02-9789-a7a63a614e2d,244.36327506409495,247.1562042236328,62.3084069776285
194,8826a59d-ddff-4be5-8b13-5c2f3c5e470c,361.8393100658618,381.53460693359375,129.1535361801866
195,539ea9da-4f1b-4991-bdba-821d7b984030,324.7741535846694,328.6722106933594,110.53691994228554
196,f23f7e30-aca1-419c-a34a-ac26f9754df7,297.9113184457802,310.9046936035156,68.08359054351507
197,89018229-1435-40b3-afcc-0d6508d47a7c,281.9993455576033,302.3031921386719,110.00701649988181
198,7051cb62-fe2f-4b22-ac7d-e0e7b1529e86,356.5845719302993,356.89698791503906,78.17680856114225
199,41e7e497-0b78-453c-8355-162dfc2133a7,307.9535368209316,309.2492980957031,63.05210695135507
200,03733be6-d0b8-4ce2-8630-b34b35f1edbb,348.5938549041748,359.8446960449219,84.0972746876505
201,fcbadab7-8466-423a-8f24-894f976721d0,425.522683544969,445.8511047363281,100.28685324564889
202,dac57207-e8b6-4a4c-a184-6dbefe13e3fc,184.4966052242161,189.3948974609375,58.008863194902084
203,cb2c0da7-1686-4713-bfce-fee7cee3285a,225.54977415685784,228.05899810791016,61.22220062157178
204,e338b20b-12a1-4be0-8905-ea4fbf7d0248,219.84056022961934,222.32229614257812,73.94150700826759
205,812d42f8-f33b-4609-908e-401684a44756,242.73646690516827,234.6154022216797,103.06121236233281
206,b0756f02-8938-4522-8c3a-40425b1c4973,269.8152507431964,264.0176086425781,66.13663115438676
207,23247ca4-0bc2-43dd-8e27-37e089f8b4d7,236.1436752098194,231.49459838867188,57.465324092054104
208,eb4e5ebd-d0b6-4428-b152-8b81363c8152,380.4715137386797,388.7679138183594,75.28194361205486
209,4379d411-4828-42e8-b5fd-46c35d6b4ad6,310.5146416378274,308.1632080078125,69.3366109249648
210,bb831ba1-efd6-4184-99d2-9770ea9acea8,263.7180468347781,257.30499267578125,57.364100253252026
211,1f348216-e6b2-4543-8123-5ec599be1ba6,335.56629229150275,331.3133850097656,63.455962448349155
212,20efb332-daa2-4933-85ba-de6340c93c5b,371.3156879353073,357.46600341796875,106.05704977697502
213,a576c4ff-6da3-40d4-a9d5-fdeff429a142,307.08890186639,303.56201171875,90.28031341531012
214,1ba305e0-b889-4b92-94d0-c98db2bb3d4f,270.30498712897776,260.5780944824219,88.33861226826312
215,77aef6e4-c75f-470c-a7a9-f48a35879a9e,256.56785960773846,241.0113983154297,81.65254197734366
216,a47c4ff9-7e57-4c42-97bc-8ba198e85714,324.55447727145696,332.90509033203125,74.41428998476476
217,807b5871-0d97-4f78-b553-cb19269ec8c7,296.5546016731804,298.0137023925781,92.22100908242395
218,f5d6e5b8-a1d9-457d-82f7-703155ab099b,333.47785430908203,327.8542938232422,83.21368801075039
219,6c3a06ad-1492-41f6-b195-847fefb93298,315.69204893441037,328.0368957519531,65.27749514753292
220,f9a15dd4-69f9-47c5-8b21-240329e85327,259.281796439672,255.54649353027344,107.05907111162747
221,72519a30-b516-45c4-8bbf-c038f7c7eeed,298.83205560275485,306.2502899169922,85.98945738429701
222,1cd46200-e4e9-4386-995a-0c470b48f135,299.0552362060547,296.8212585449219,67.7379994490082
223,709ad372-cbd6-4ced-b98e-5c7de369d7b2,277.46260801185923,282.61859130859375,58.21747618738045
224,0e75624e-f1aa-492c-9712-360aed79d804,305.3399877728156,308.65455627441406,46.80064610517251
225,56ae1bd1-eadc-495a-93ee-c3a04cdd1d96,268.39478636116814,269.7301940917969,95.15985349700263
226,e24dce01-bc79-47fd-8bc2-8a8c17ab2f55,278.57947723625244,246.4873046875,145.07594342653871
227,3064ce97-5286-4f2d-a098-52326937ce81,240.5942655265878,238.18789672851562,129.09972266214595
228,95c5442e-23e4-40e6-a451-4196a3632ff0,295.7947192476087,294.1250915527344,88.78713127254899
229,c88d4341-0f6d-4b74-afd7-1667cafb0379,385.04119858999644,398.86761474609375,98.37894006990905
230,f430e33f-16db-4d54-b495-1ef5152a2476,396.45654386569015,411.37998962402344,70.48461713259131
231,81e6be71-586d-4599-abd9-5c598c8b03b9,389.4786357738354,386.61590576171875,113.9134589441794
232,2ce7c6b4-d99d-4297-b74c-2701d76a5440,431.70677236880897,438.0694885253906,103.83571665527379
233,5ceb0dab-a454-4802-a18a-b73fd0eb6c78,282.7320128920561,288.2940979003906,79.48559897260503
234,6551bb88-7bd9-4ce1-bf75-6c8d6b284d58,363.6033206186634,348.5559997558594,108.7490589944304
235,f8f7e253-02c9-4848-8498-005f97cfbc00,294.2533668268171,289.6105041503906,65.04408635228783
236,95a7c235-9448-45b4-8a13-cf3428d37fe6,340.1470638779911,333.9224853515625,70.54817334017525
237,d442f2a0-c6c2-488f-867f-1ffd6bf33d74,327.54221750074817,328.93634033203125,57.31908141006535
238,8fe30bf6-202b-4272-a2a8-b183579b84e6,367.683167046441,340.8606872558594,137.29330934742384
239,fe9aef11-2fe3-4ef8-a991-286e30ac0487,347.9057419217866,349.12335205078125,59.53564757858828
240,f7d9afbe-535f-455f-aac4-127b83c55afb,296.0445849036202,292.2630920410156,58.872382976684236
241,2a86ba67-7a84-4aef-9e6f-8a57ca5c7335,332.006009327668,344.2945098876953,82.69351880924295
242,7f0229ce-7139-4482-acb4-da7127dd610c,349.6882021149243,351.3907470703125,72.55516274661422
243,837339e0-4739-4610-84be-4b8aecabc047,280.41961947354406,283.2923889160156,61.93296401155159
244,f4fc07a8-5fce-4adf-99bd-74e7f7cc9e3c,340.6505547185098,339.24635314941406,86.40964174142852
245,76b389b0-786d-41d8-96d4-aac23ec5a2b1,275.5470980309892,264.19464111328125,95.24649647590326
246,ccb9d63a-3e3d-402b-923c-d52d1c9d77ff,243.6505218611823,245.3415985107422,80.84526548208603
247,388deb6b-bea7-434c-aaf4-a4d59ec0763d,349.6251786060822,340.3421936035156,101.01735861884677
248,7db72a17-ff9b-4586-95f5-ffb509c8c4cb,263.41499476756866,265.01629638671875,73.0789581074485
249,ab9a2d6f-f770-438a-8d98-8ef6bba855e5,293.65950072859124,288.7561950683594,109.77125727298886
250,6764e0c9-af24-4543-bb9a-680d030903a6,328.3083011271531,320.5918884277344,96.07390975526614
251,dee8d49b-c9e8-4503-bb33-8660a94fd0b7,408.6553528959101,420.0330505371094,77.24922078750501
252,ac76bd93-ce65-4873-b125-c4f17ffea91c,486.58072335379467,497.80364990234375,72.13498368254292
253,d66d9edf-dbdc-4a3f-b8d1-abb8c5b5eb31,482.3893927990551,492.33094787597656,76.56109233229915
254,1d25da27-5cdb-4edb-af4d-ead2f43b1615,531.7604736328125,524.6871948242188,134.15524349092723
255,cafc6ba4-aee5-4b8d-b0fa-8b7709910e14,526.5265586359038,525.8361206054688,104.79310480717575
256,458aaa76-20e4-45cb-8f11-6f0acd931b55,572.9834845544632,540.3117065429688,177.24251508943314
257,8c5820bd-a200-4bdd-abc3-d16f01978f6b,493.9808335970234,452.0871887207031,183.6121786610616
258,74faac54-13e9-4f51-ad72-5f97010ae7ac,402.75112576006524,385.45208740234375,123.00279944497433
259,9ef45fab-92c7-4f4c-b023-4ebb362d7505,530.9386473980146,510.71148681640625,121.72822633085174
260,12433750-76d8-4c8e-8a49-5a5b753ed448,295.52863711865336,295.97088623046875,62.74541696527191
261,5421920c-a4d0-4922-8999-37edcc1e7143,495.23454319745645,492.58270263671875,98.87682893324843
262,27e1c6f3-9b3a-4193-9a36-862ddcafe9a2,456.4909989533601,455.82774353027344,150.03977699522542
263,8115a720-50dd-43cc-9fed-277db4446f7e,323.92601134785514,322.82080078125,85.6790368910901
264,6659c648-af64-404f-ba4e-c8487986ab57,510.4432772707685,502.77239990234375,103.57609391242796
265,c14643f8-ba25-4ead-81ba-8c39c52ef349,475.2471467940534,459.76075744628906,116.98199749976007
266,cb71fe54-a0e0-4a82-9c7d-12eac8405647,594.8811113869665,592.1826171875,100.74678851747102
267,e77ce178-0d7f-438a-93fc-013ace3ac2f8,396.21885363583635,383.76300048828125,113.77498778506144
268,5d0b3991-6fb4-48ff-8644-d82fe7844ad8,590.3010245429145,561.4638671875,164.78631134578126
269,4b50d0c4-5cd4-4fe6-9e47-9fa2dfa3cbd8,566.3881333114317,550.54150390625,162.61310708211212
270,f11e5596-f74b-46b0-96e1-90c06633989d,407.9291852678571,399.46551513671875,123.62137011214949
271,2930abcb-f52c-4f95-96cc-384adb82fa60,550.4725311340824,550.459228515625,180.5506564738505
272,44a108c6-993a-42e6-8a8e-ca8bb3186f47,538.5623427515444,482.3345031738281,197.79207228823284
273,13e4159a-a65b-4f59-8db2-e06542593c60,720.1054009813251,718.3085021972656,171.9928825435139
274,591ca29a-9274-4c6a-9c7c-081ee51971eb,817.6986055132473,827.4296264648438,238.6181189594725
275,b28e1105-d50b-4ae6-bb6a-b709628287a0,594.1440350984273,609.87939453125,163.58163539805363
276,c197753d-1b7f-4421-8238-9c5cc148f26b,978.1810481059982,986.29150390625,157.8153174261102
277,0509b70e-b5ee-4d5c-83a9-20d08f74663c,654.3245028128584,646.5020751953125,196.78121721706893
278,a4a9392f-99a1-48fd-8612-7d598811ce90,927.3941594073557,904.0432739257812,202.09642352304573
279,0096c8be-a7a3-4560-9849-0bc1152f59c3,519.7667148474491,502.83209228515625,167.53033361090587
280,c2fae76f-4097-4b92-a3b9-4014e7f93277,477.0726313018799,446.9267883300781,172.9485450642105
281,1a400501-659b-421a-a350-d32af8b781ff,392.90347405991537,374.19061279296875,136.13554295651244
282,52a4d676-28c2-4bc5-ae4d-3e48d5c56338,391.1890671831983,389.14471435546875,85.82837947745215
283,8d4717b3-73af-4bb8-9857-7f2b66e594c4,396.61219740689984,387.85484313964844,92.68636101773815
284,d8708fab-f100-422c-b739-208b14947f4a,420.8094520263672,413.8559875488281,107.81198627997576
285,63c27951-d408-43f9-9014-829c4a51aed4,400.93741607666016,410.24510192871094,73.86618555231172
286,abf2fcb9-a468-407f-a329-d430533acee5,367.95595997303457,367.347412109375,65.05239351480341
287,14ea8128-663a-4b84-93d4-8d319a7558a1,396.1663967428713,395.2314910888672,73.54330731270707
288,59e5012b-885d-42b3-9993-d33162f1bd60,352.3164309498458,345.5773620605469,77.12947510870833
289,311899b7-0de5-4dda-af35-0496c02aee2e,370.80836308178294,351.32984924316406,177.21648943603674
290,4a1e788b-32bf-4609-ab33-37c73eba11fd,507.6788911755453,488.2666931152344,155.61291761278585
291,511586f4-9b97-4ca5-ab3c-03e0d0cd8f88,857.7230978903369,846.7049560546875,259.51100174296835
292,907ce5fb-5998-4681-9ca6-2722200e4b3b,490.0961141265948,479.3105010986328,109.89018277555195
293,6045963f-7a6d-4e55-8453-d035d2ad5bdf,447.38570667135303,428.8675994873047,89.30659592114526
294,9607cfdb-21ac-4a16-8881-79232adc40bc,559.6536604879227,543.1848754882812,149.7096933379157
295,7cfe425a-4084-47a8-a111-03f31ff9d0e4,579.2493705931337,554.6170043945312,187.09706802827702
296,7f71f385-7e3d-4c33-aae9-1990642bff56,399.60076536955654,393.0460510253906,118.38117598147946
297,45080982-d93c-4ecc-87e6-c5add18695ff,912.2799452708975,913.0927124023438,219.45110599765545
298,6281362c-d4d9-484f-95e6-b7d4ec4f3093,351.3583472662771,340.9714050292969,127.27130793206646
299,dededf68-3d51-471a-ac26-d840d36cfd53,657.9913565652412,653.3677062988281,164.56626647154206
300,e47ec829-2e8b-43e5-b811-4b2a7d4427f6,388.9623270795389,384.0928039550781,85.92226818777479
301,c418c9b9-9177-4c6a-b22f-e97a8c552a8c,361.086435896627,333.1964874267578,136.99643866778254
302,723e424d-d865-4c05-9c2b-9fb6bf893af4,525.1898848589728,476.9594421386719,175.65828882432052
303,4cb96e59-a30e-463c-8915-de7dff501b49,346.4949901262378,349.1841125488281,55.56593166674079
304,e8ca51be-ca11-44df-a354-ca80f08cc1d4,366.1311670736971,357.2655029296875,80.99780201826728
305,f9362b8b-c539-47cb-b7af-1396b8079fbb,355.80379701811694,346.34405517578125,83.32322646676236
306,8788ca14-b8c4-4627-9a1f-1b95a2775bba,363.94439487602875,366.9919128417969,62.79718916106244
307,17c71cc1-4532-4d91-9900-8d99dc31e4db,369.6135561661151,367.34339904785156,84.63053255045567
308,43d66cf2-47ed-43fe-9749-4ea0b08c540e,375.48247522790217,383.3789978027344,64.5181752094786
309,667c564e-27a1-4cda-9027-34923d2cce90,319.66715115916975,318.3594970703125,63.990365042245266
310,69d3af80-1731-4517-98ca-aeccc54c00ad,378.70475515870237,342.75518798828125,169.54704129133526
311,fac7a4c1-5962-4ecb-8b19-a07d2ab8a0ea,398.3309353451832,375.1502990722656,131.0126171352339
312,87b33dd5-ad84-4254-a058-be801439dfc6,938.246045069711,919.3314208984375,194.3635775761328
313,b55b026d-d633-45ac-b51f-1546d0e8df6b,643.8894750421697,633.5315856933594,129.5098127291917
314,c56a2fd7-6c0b-4674-8271-d50efdfae634,752.9516281263866,772.7745971679688,226.67640827242522
315,c8d92291-b74c-4ab6-b206-676ee465bc72,496.3320318908345,481.3891906738281,155.78576042495695
316,e0a66e16-38a1-4100-9a22-ea4ade15d17f,489.5504920959473,459.8538513183594,144.11993301719366
317,b5a57334-7873-43a0-8d45-0ad429e42996,607.5502110152948,616.235595703125,172.38123195373922
318,d67fc497-a121-4c17-882f-a1b15141dbca,947.3521518707275,974.4120483398438,194.7947855673394
319,9de209f4-c731-4b0c-9069-fbfffc52be01,648.127510608082,654.0078125,193.30777912060938
320,25b6248d-3b65-41de-96df-7c758f8127e1,533.8122563825335,525.5537109375,139.81540602643273
321,18ecc0a6-6cf0-431e-8445-647df70c87bb,722.3282096169212,697.913818359375,204.19883518770223
322,d0e45677-48ed-45d0-9951-fddb16d58266,477.5463025393902,458.9420928955078,111.83204491197297
323,4b3447db-22a7-4d36-8027-96f08f35f576,736.4105217084493,733.8128051757812,157.96612282978853
324,b2dba53e-71ca-46ef-9237-72060e6384b9,753.0824062640851,747.1134338378906,158.6001648650057
325,a99d0112-0690-465c-a7fe-36d4e166a274,926.7487021891276,926.5801086425781,208.5353118187068
326,e2d0755a-66c2-41c7-8916-22da4ec39173,715.7106359812839,702.038330078125,158.66403694925316
327,e98659fd-69fd-41bf-812d-59cf754cfc69,565.6623200809254,548.2852172851562,158.5313065148568
328,c3dae66b-fd7b-4a12-be94-536a5614c642,703.150242998095,676.9485168457031,168.07662291955455
329,d7f3f091-4e7c-4590-aa75-947fe4acff25,568.955446350649,555.6256713867188,135.65585679937482
330,96145fcb-aed9-40f1-8abb-02594196d894,665.1546194368714,661.7402954101562,150.1674139137763
331,f21b9ceb-250f-4d8b-aa40-77b5d031b75e,461.4019967103616,451.1654968261719,91.84981280308092
332,e253b47c-abb3-4e9c-a414-9dbc35214dbb,604.2478740608398,591.0440063476562,128.69127490983445
333,58d0109f-35b9-44ba-a8da-6a1df2849e52,521.9968440351147,502.19915771484375,132.29531571397393
334,dd3b5920-e470-47cb-87aa-da0a28f4f1cf,591.6399106465062,574.8616638183594,139.8115447294768
335,95a83188-fb67-4fcc-97f4-c7837c3cc4e2,548.4831028763583,519.2531127929688,140.19979900318103
336,68c39e9c-f787-4e9b-ad18-d8809c1b9a89,470.9271154602962,456.60931396484375,113.3491869213322
337,d0c9b3b5-da76-4e09-a271-57ed19e923c1,572.6174813084955,571.1488037109375,124.87782148511309
338,1427fdbc-3359-4b25-8c44-7abe5a03c1ad,529.5666420889083,510.7698059082031,133.56806938938757
339,4cfbad76-aa9c-4301-b44f-c907fcc82602,729.4312899666221,740.6102905273438,123.77691989513687
340,4adf97ec-ce55-4169-985f-90447260cb9e,476.60856832537735,450.8410949707031,150.0345361065601
341,25abc0b4-3da0-4fc7-bd42-1f76d31b9475,550.6260759294239,522.7393188476562,134.5426841377094
342,ac420610-1e47-4970-a224-bd1cf810b0e3,611.9596604462859,588.6915893554688,172.69275509103073
343,237f41fd-d7ef-4e28-b717-3b3b4494b19c,531.6803206064169,512.0770874023438,121.1897346345467
344,299c135f-ac3e-4a22-9332-22b62b1bf07b,528.9910831129857,501.9295959472656,157.57525152084585
345,12539e32-10f4-423c-abb9-2c8fbcb49cb5,617.1782434232566,601.7821350097656,152.94918381902724
346,32df6f0d-5a4f-45da-ace7-cfa3bf29ff4e,657.9533953980605,649.149658203125,180.35482872187254
347,f448ec52-5eb2-4a7d-b32a-1887261f6395,643.1333187308003,647.1732788085938,152.54301285336575
348,21ff66c3-ee84-429d-b8db-77ea0c67927e,565.0513364297373,565.3414916992188,135.49755191862786
349,375732e8-7b6c-4150-a09d-6c508a6ccf5a,488.1055329448045,468.05828857421875,140.13290829196504
350,9f903e43-6b9a-438c-b05b-60bbaa0e1e22,484.0975644165303,467.58595275878906,138.50337646792593
351,75482f5f-bda5-4ec6-849c-582e24e74a23,422.977146097819,412.1321563720703,117.36425137875277
352,3d9ba717-754f-4658-9fd2-da8c3f6f84bd,594.892747196838,604.4755859375,140.87511543988245
353,ab158916-02ce-4841-a5b7-292da8a38803,642.0696026751103,618.3429870605469,176.37215194321814
354,20bb899e-4a03-46d3-a5e8-f5c90fd0d391,582.3738213912673,546.5238037109375,157.87469633844347
355,59342331-37b3-4461-ada3-4fa88405e2e0,636.6692073398166,620.9977416992188,166.0209153447668
356,3934babb-4141-41c3-8007-405b7b56bc8a,704.7063375297386,651.3031005859375,204.35236057759974
357,8f0f2b5a-3bd1-456f-bea7-277832798caf,716.67766132533,675.6379089355469,242.56793516255763
358,8d30aa74-d51e-4154-bfe1-e53991f97d56,463.3497514586518,430.9373474121094,126.65296940714545
359,92e8a4d0-299d-40c8-b40b-0911279bdfec,528.5877592867267,516.5064086914062,138.2273562127025
360,a16806e8-2f5b-40ac-9e25-f4ede16b341d,570.3042558942523,538.2817687988281,159.03478306097603
361,b3c602a8-2d96-4d75-af0d-02d2c0af739f,590.4832090031017,574.2900695800781,128.28556819524152
362,3b629206-7946-423f-9612-8e8f6d2f11f8,697.0594943881447,702.3805541992188,133.48493647096876
363,9c49f06f-7405-4f45-961e-d43b6a8f59c7,547.9665442002331,533.0985717773438,159.48664674516536
364,f946de23-92d8-4353-ba6b-51e30c94cda8,551.7306831811447,507.7048034667969,178.5610606529829
365,2a84df5b-5d59-43ae-9144-20388a4a9a11,563.1987851344118,537.4859313964844,144.44279328848546
366,86b0d91c-337c-4e71-9bd0-6479ece8ddf7,562.2605430058071,470.9733428955078,259.7362632956963
367,fcf5ebfe-5d9d-4dac-995c-962d7485b287,492.30683629824165,477.3210144042969,106.3115408206559
368,41572dc9-9972-403d-9a16-707b2a4594c8,464.12105950249565,453.13580322265625,110.61771560741471
369,a9a9c890-5ce6-4b17-9a26-0a03d30c147f,632.1897981194174,623.2219848632812,161.65283737316216
370,b28e7bcc-97f8-4c33-8ba0-9c029a69284a,531.0761871797314,510.1408996582031,154.14962017555644
371,ec0cdbc2-04a2-47e6-a0c2-33898efa5b6a,778.4558774433439,750.1389770507812,236.73847908378679
372,cc819bc5-f261-418e-bb53-5255e3234b8b,506.38190789473686,473.44049072265625,135.77313902700377
373,e5aa9550-a4d2-4e5e-acaa-8b9d55d1aafe,588.9450397980519,573.6115112304688,128.15088661544718
374,beef4547-3435-4b61-b6d4-c00e72a56e99,699.0855343967014,653.3449401855469,228.96054507139425
375,7d8de8ab-693d-449c-8f9b-afbd8cbcaf89,519.8444406030012,499.06105041503906,125.73499283127884
376,0b909436-2b54-4d2f-831c-9e8c8686fe08,527.3856372200482,515.0056457519531,101.8919970450402
377,9a339fe7-3843-4c3d-937f-89d4bb29ec0e,476.7915504701487,508.2294921875,185.01958214356685
378,e628ddac-a823-4f5e-95ff-50f8786caca5,581.0600897449988,558.5637512207031,173.1488204898004
379,a82a5e37-42e9-4c89-b806-c9cb47d83b90,592.3119960475613,560.6142272949219,141.42412723089578
380,003d0984-36fa-4f65-b2ab-f4383eea6e1b,744.073738032936,724.4461059570312,163.55883144429282
381,2d2aa5f4-f20a-4eaa-a4b9-4cd1673e51e8,706.594239324586,710.9904174804688,134.05555182885362
382,fd91ef7f-e780-4016-8f88-7e925a8e3808,606.0195505855647,620.6140747070312,70.45572819610965
383,bc729cb5-171a-4941-8224-397e4a0455fd,545.622449965704,535.5980834960938,84.9769154767359
384,c4af7365-f638-4763-9380-f56562918033,544.4349950673629,545.4619140625,95.50329708227189
385,50876abf-2ffb-4cbd-bcc3-fe99280c5f5b,518.0558366130169,502.2475891113281,141.97728108577226
386,440d83dd-2cca-4529-9534-7fa14ef994a2,551.3675113494268,536.2125244140625,124.93594531177253
387,bdd3d4ec-7937-4d71-94dc-a5f64baa146b,565.1351850900345,545.3297729492188,137.54930928478436
388,79748003-9638-4e10-a730-8a5f2eb93827,570.2252454934661,549.2083740234375,160.1729579189981
389,c2ab68ab-e6bc-4436-894b-7786ff0052fc,727.708167195638,707.3363952636719,158.146363300168
390,48946714-80cd-4a46-b5e9-e62a3a91f148,596.1590071543509,573.9940185546875,175.2002431485768
391,d6c24081-861f-475f-a938-4e24cd5bd57f,584.193916461219,584.7502136230469,116.45040277939886
392,c3f7a070-12df-4be6-a34f-d7dfaa0fc012,532.8531407654516,527.7000122070312,96.90003169956576
393,49c1fa38-1ce3-4daf-9ddb-b653d3068849,544.0013636699247,519.9240112304688,127.32847535505589
394,f620074a-8416-4511-93e4-82d10fb4f0f1,456.75603662127025,411.96551513671875,186.82248354393056
395,ca371364-ad1f-45ba-8037-51a550e2c2f2,436.2798451332378,426.7642517089844,92.58495101816584
396,1fb17624-a5c6-4893-9e5e-63a04828b0b1,411.9551668181412,404.0028076171875,97.07098704744786
397,a9e959ec-d1f2-4502-8f2f-ae6f30de4085,529.8730316960999,532.30322265625,101.15879109561344
398,936f8373-c7dc-4a93-b664-c98c064e1234,442.47244311573206,431.8388977050781,92.8367171401704
399,e61ae48d-b12f-4b52-8645-e040d04a74ef,516.0310429845538,472.9902038574219,178.36382271461986
400,76e41482-b881-4821-9ca6-862583a00499,580.8428288747573,506.43310546875,246.760693946586
401,17adf274-6d4d-4dbf-9d7b-70dc37bf6e10,584.4833515808646,574.349609375,133.67701376858693
402,5841f98a-8ef5-4022-bd45-68da6412f2b9,671.444985848886,637.36767578125,189.61399445856057
403,93bffcc2-ac95-4978-a92a-ad26ecdae5e4,609.4139759817338,581.4481201171875,168.68502174299022
404,d78a8f45-203e-461f-b5b7-3bf4aea01939,730.3440252233435,713.79833984375,171.21605946763194
405,d6bdbeee-cd5b-4136-8696-716b2204b274,683.896406340119,648.0128784179688,223.01937443695198
406,34e311e2-67d4-49c3-98b1-cd3375a2e677,557.656949635332,544.9116821289062,97.88372089392966
407,396d7c20-3b6a-4b6d-8d2f-b3cb56c619c9,529.3013203209066,519.5905151367188,120.59909716901569
408,ede40eaf-6801-46e0-8466-bf0063fcd415,601.6054193627198,570.6754760742188,171.98852116196872
409,bd37f77e-98c7-4314-bca7-9d0891fa2b33,541.1173869388205,531.3558959960938,118.2655410216325
410,2e8212e1-d7b9-41ff-8c4e-b25f12d4a2f1,574.1535763378834,558.4647216796875,132.2544095763523
411,ab657d2e-0213-4944-a104-d17974d754fa,552.1647228399912,502.72979736328125,167.3024760241683
412,7a2e815d-e704-4a94-8758-18fff7c4ddf4,543.6213935178333,536.4231567382812,137.35014914628675
413,441f6090-4f77-45bf-922d-8f5e25c35f20,880.4863460888756,880.7946166992188,197.83677945605115
414,d6daf815-de01-4682-a3c0-7bb203602314,555.6011075168461,534.3608093261719,182.62730549584873
415,82a243c4-a799-4e6b-9207-cc9cf1c22137,497.7939202054088,462.2308044433594,166.9100614927559
416,ce72da1d-bdd3-4df5-a2e2-4676f9ef61c5,607.7802810931124,557.798095703125,231.9906193107186
417,3aefd6f4-af5d-4e65-a79c-639dd962bf83,620.3509552001954,590.46630859375,219.41483222171948
418,a5462885-00c9-4966-b9c3-ad8091bd641a,716.8766641802492,673.022216796875,244.81614639548678
419,44a46ac1-68ed-4540-97a0-48a110e3e8f7,602.9319245123094,558.5845031738281,218.57607494429178
420,7925340d-b6fb-4fed-b99b-6ca6d8b21bba,603.1599594203905,524.8323669433594,255.54602952475244
421,4dea7607-fced-4cef-941b-79b59e50c66c,467.5762129321541,419.7744903564453,171.39884466144574
422,0d063804-f4d6-446f-8a65-f5f4872b8850,506.47594460880055,495.78855895996094,142.24452619829285
423,c4c90c54-c087-4009-ae50-f8bcfa4354fd,644.3107372874945,639.8904418945312,125.1699196615931
424,60628dc8-6d1f-4e02-8cf7-b847cc804768,880.318926976732,873.1568908691406,178.92305360873172
425,573f9079-f4dd-4b65-999d-44201fad619c,532.9579997343176,520.7039184570312,130.4778775022182
426,99a0877e-dfe5-4cfb-8773-a8a487b601e6,738.313265147962,722.286376953125,192.43099693373279
427,807c0de5-374d-4484-9fe3-711ba3952335,584.3269089642693,573.6854248046875,121.1918838421686
428,c19a9312-50c1-47fb-9d61-923c7ed0ee53,1033.8607516024174,1028.7073974609375,279.6492855603456
429,3585b5d0-527f-4821-a3df-613b834f673e,543.7998286421581,543.0529174804688,96.64261712946481
430,e60e6e2e-6b74-44d3-8649-e060635182a6,629.1785092591614,530.89501953125,301.73727239562936
431,7a940d3e-fae5-40a0-989e-7573307c22ba,1126.826626669394,1127.6895751953125,274.5436738804065
432,fe5e29ce-0813-4693-b881-a84138a9d6b2,653.8517894129599,642.1013793945312,160.62755059272746
433,3270334a-432f-4a10-aab5-69b21bce3c43,500.21745877576814,483.4263916015625,121.79960621191903
434,ce51f5ba-e942-4d56-83da-a6462fd41fa4,686.7724861815022,623.1463012695312,222.8001146415443
435,71e05711-9151-4b7b-b666-e69fe8e58849,445.39070660657177,439.5198974609375,112.7761805514186
436,d779942d-c4f3-44f8-a90a-b8203751bc61,390.63943071507697,390.3739929199219,76.3902524239622
437,1099a899-b99c-4a76-bc26-b37a4f149262,670.6400997616829,661.4102478027344,169.00100800478103
438,6e00da91-7067-49c0-9cf0-86969f7319d9,476.452770519933,463.8168029785156,104.76211965196705
439,9ebed7c3-3d23-47ef-94dd-0cb20234196b,423.14430376688637,430.8424072265625,72.05935329325604
440,5b4f2922-bd4b-416f-bf2f-5d3df8afa37d,409.10341685612997,400.0937957763672,85.85846641515955
441,8dbf2395-2335-4a51-8387-e4d4a68853c8,379.03303296481613,377.6471862792969,103.57916931662669
442,845f6d7a-54e8-4e96-8645-fd1039648917,575.6782181013876,562.25146484375,154.54951691147684
443,9e0ad313-8784-4117-b5d3-91c0cfbfc27d,437.46631841357896,432.5076904296875,90.18890291073191
444,6172357f-57e3-427a-b907-9b4663fe0197,426.26239200308305,418.8681945800781,119.25518176633696
445,1d4b476b-f71f-4ba5-b330-c3c24a191bdf,392.00275444839355,407.20489501953125,117.13686852106855
446,e89d9341-3019-452d-b077-e9bee03fc14a,632.9922342746057,610.8991088867188,123.00118964915463
447,d48dc89b-17f5-46eb-b1c8-a7a9cfcfd58b,599.0989716628502,598.3009643554688,153.23813630406187
448,76f2d012-ffda-4447-aee6-152158a38b66,487.44274894396466,483.83489990234375,96.78799192739338
449,bf4cda4f-9f82-40ad-93c6-f04b8d91dc6a,455.2545504642377,444.53070068359375,92.42528711316488
450,f92a5051-347b-4e0a-be1a-6c6d0441e2e8,458.83089760539815,439.2893981933594,121.60034267767328
451,294f2d37-ef61-4fd8-a0e9-57f603a7e9f4,506.40374194923584,491.4700927734375,98.7076825674335
452,c459cd75-42b0-433f-a30b-02741367a344,1216.6084099411248,1231.028076171875,264.6766369124616
453,63b77193-0ad3-49b0-8b6e-9d49beea1c66,644.3461329630701,619.3627319335938,158.97418803997036
454,3dc8b22e-017f-45bd-bc96-25223ee35187,535.8961840385758,530.0467224121094,99.77516148832949
455,9990b4c2-eb97-4d04-98fb-ad5a918a5380,766.542361746029,758.5657958984375,193.5616005019108
456,1786b208-ce55-4486-8efb-6a3cee8457f2,424.6052054879325,410.79730224609375,116.42880508225912
457,e5ae78aa-16ce-4f1c-9f5f-30c6b71ded51,490.822561165314,487.0546112060547,95.25255390615584
458,65ecf396-70ae-4350-8ad9-296718322f2b,508.11441214718803,505.18548583984375,85.47698986939152
459,27f29a7d-cee9-40a3-9db2-7f1a7131d582,530.2926848564148,532.1051940917969,97.90501964555902
460,414cf576-4ed7-4053-b9b4-162a87cd529f,463.851899443477,468.6802062988281,75.92823987909965
461,4d21d823-a510-4d91-b5e3-29f322bdc77c,468.56838672522343,467.1093444824219,84.1481263713228
462,b3f7e65e-2a4b-4630-bbcf-d24bdd69acdf,702.1892780166074,675.2960510253906,192.10119446336142
463,21cb78df-3b1c-46d7-81d0-28ef106c0e6a,618.1573074375265,600.9344482421875,123.88560931029782
464,495e549b-d46f-4adc-a5bc-78f70bdd31d3,1050.77660057422,1075.99658203125,294.1251022533763
465,307d393c-bc01-41b1-ab6a-cf0db7b98241,623.1741638359184,584.2844848632812,193.41590216099732
466,bf3c2ca3-e8f6-44f6-b7ce-983a04ae0dd0,450.2890060625578,435.3615417480469,119.5420295968232
467,f3939781-adfc-4e19-afd0-020ad4538d0d,529.8518112751915,513.6857299804688,153.1417682600426
468,0beeac9a-c996-4495-8b4e-33b73aefffa3,581.7268570203821,565.5625915527344,145.72301473364126
469,2c43fc6f-591b-4bdb-9717-625efa1b073d,500.82878695563045,481.70159912109375,137.0665143262263
470,915fae76-0f4e-4480-a1b7-8de4b0e7b2ce,513.4366659704555,483.7499084472656,164.2440866836138
471,bf316ee5-c9a4-4375-b3d4-c12ff3af9ac6,448.1765667766381,431.3031921386719,125.67752832186672
472,9000f96a-1a7e-40c9-aa97-186adf4536bb,375.7801416141099,366.60205078125,86.81531037185628
473,e3f50423-4bdd-4884-910e-85bc1d8bbef4,419.0564861551084,389.66925048828125,150.20598050065706
474,504fbfc9-230d-4af2-bd52-1dbf2a40a0bb,748.5793107352816,731.03271484375,250.82364943383763
475,6cf8e4ef-318c-458b-81ee-3d679baffc87,867.901534359012,871.518798828125,230.3494067886598
476,e578ee38-ac19-47db-9e3e-c307e4e5919b,925.617959302579,917.9580688476562,241.48414356491915
477,ec19b235-74c1-41f7-8d39-1b52db1f6d2f,466.3795463842433,455.768798828125,108.6180522972722
478,67044ae5-1fc5-4441-9e22-4be72fd5d4b1,803.425189750348,721.1136169433594,271.00741827124426
479,4398b5ab-8ae4-4048-81fa-e083e4ad5383,451.38423403785345,456.3195495605469,77.12210480754585
480,d8568042-075d-4a38-966c-8d52a4fe14ef,440.85472479926216,435.4219055175781,88.86550434020052
481,a3743e3a-fe00-4f6e-88cc-a75ee63c471c,377.276365234228,375.7607116699219,125.37726740327523
482,c064176c-3715-4097-83c3-7ececf543c16,543.7260397095406,543.1832275390625,103.06978730035347
483,7bf092ec-b764-4fd6-ab36-5d7338357896,512.3886631153248,516.0415954589844,77.44569812730917
484,4daaaa00-e8b8-4f2a-a565-e7f4e64eb82f,489.8101480562393,488.58050537109375,74.90490230239428
485,fbcceeea-7465-4f90-a88b-85efc948c9ef,415.646282600186,408.8725891113281,130.77770581300015
486,ae1b5af0-d74d-4542-b0a6-bccf60f45b7b,852.370437695029,845.8460388183594,206.23873198336287
487,c3c32c46-5bb9-4f03-8001-2414e62dcb16,507.0212983810362,498.3581848144531,132.7911557325785
488,b5f06cad-58ae-4573-8e11-be6ea852a32d,443.83620024979257,442.7214050292969,95.17752314534617
489,e2ac6bd4-b04d-453f-9a14-d64aa0ee0228,571.2700922264243,572.1256103515625,112.20564739662628
490,142a8769-abb4-4835-9d26-81cb3d2c8c39,985.4971439378862,974.0339965820312,268.9054624635851
491,c7d56fa2-2567-4107-a78f-70e87f068c5f,623.971832593835,605.376708984375,169.08158128504823
492,be6a06a5-168d-4143-b538-1c4b80c4557f,330.0430816093424,336.4827880859375,164.50136040291417
493,32ca4317-a9a5-43cc-8451-249827b8517f,525.7193717886804,519.654296875,123.55779594870089
494,0218abdb-e4c8-42b3-8435-ac7b63622c6e,540.4872715573748,540.0521850585938,98.96766320911097
495,bf646e46-a579-402a-8454-76d260109bbb,610.7231692797517,594.4810791015625,142.35640283533044
496,8c7b2a02-184f-43c1-9a36-4afe89d38728,554.5817722265725,559.151611328125,111.35812195012913
497,5f1c4450-ea11-43da-9d92-d1e03d4ea6fe,632.7063453192624,623.2696228027344,132.51152701565073
498,229723d2-fc62-44ab-81f2-8030303e2969,434.5665739016792,436.88848876953125,88.48358509260703
499,4b57558f-fde3-40a6-961f-20ceae7de57c,477.8852273396083,477.82850646972656,105.52671638195321
500,c85d932f-19f3-4551-9acb-25d611cdf01b,561.4262477648634,556.3284301757812,128.06669655065738
501,7eba7ee3-2276-4cb1-a7d9-5d7e7be873ae,529.2783238791413,510.1286926269531,199.24058671611846
502,f793f95b-10c1-46bd-8a9b-c4d261dae939,1065.927637972745,1060.89794921875,283.1047365016701
503,825b5beb-9229-4694-bba8-a95e1b67c304,812.7595159276202,797.4324645996094,249.21664355335355
504,167046d6-14ba-488b-a958-93228e456486,918.3713457692667,898.9694213867188,273.4501757985893
505,77da02c9-288d-456e-b9e4-6188d155ec69,941.2222747078589,936.8046264648438,316.24067548130677
506,c0062f84-48d8-45f7-8a21-e32a44fe2819,786.6227059607107,769.4705810546875,262.75702092091785
507,7daec556-eb52-4422-b4d8-180c2ea3ad6a,704.2784194356691,697.9234008789062,206.19542792415604
508,9c462900-403d-452f-aa92-76fd26890684,585.6057157441123,588.6336975097656,138.70044074236685
509,1e551ef0-3a82-4f7b-bd0a-1b61ec49e468,626.4238432011332,634.2933044433594,126.67707968207633
510,f7794460-9eb5-44d2-9067-6a189240ba39,634.6642908221703,640.4091796875,90.97231407109444
511,e3ac0c0e-85bd-4a8e-97cc-836711685059,608.7577755842259,613.6622619628906,133.0797918533191
512,af2cd6ce-808b-4de8-9b28-6465aed31fcb,594.2281023960217,603.8582153320312,106.96577628850356
513,c9bc33e3-b143-4887-96bb-d88e937b5df1,809.0389615395911,780.1052856445312,191.54415004721884
514,cfa9eff7-edf8-4063-9f54-5aa4b07fd39b,1044.128715708776,937.751220703125,332.65796152853466
515,cdb419e6-b931-41a5-98ac-1f0cededd420,1039.6737887755135,1038.38916015625,231.02165369879793
516,c7cf241b-2373-4262-a515-49cb0c48760d,921.2049992897972,917.3786010742188,258.0185444769919
517,9f927c0a-f75a-415d-9909-c2c840e95052,900.4252555608567,908.8818969726562,191.56075808440286
518,9b00ce07-ddbd-4f25-9218-e5e944bdfef6,630.9382860516838,635.0001831054688,110.95144210513699
519,15f87f29-7f9f-4d70-b5a0-5bc61e4abfe8,737.6847118102398,731.83740234375,135.88823437323347
520,e1113cf4-20b7-4b49-916b-8878700902e5,1252.1746969066683,1284.5985717773438,241.5495983907431
521,41fffcac-c60f-4d35-85fb-62e6cba222ba,383.9470056632065,385.7724914550781,123.25677388838787
522,7d58dddb-9758-428b-8bbf-90658f1b07ae,565.7990001360575,556.1322021484375,131.59497263605545
523,debdb82b-1c94-4d0a-bf6f-4bfa660e39cb,502.32501438685824,483.1449890136719,122.46626482696387
524,a6166970-fc55-46f4-ba6a-f67e28ec27af,474.95019738570505,479.6510009765625,131.14668070071667
525,54e8755d-53b0-4ead-a699-b3e1b3c136fc,490.0128652460435,474.21990966796875,146.51485868700698
526,3ce345bf-fbfd-400e-a75b-af6ff43492a4,399.6173986489432,407.4864044189453,137.5514525607668
527,a7d9d745-0c1b-423f-916e-3bdeb58aaf98,577.6302727593315,584.8911743164062,86.3597084773284
528,1ff2ded7-e839-4e0d-80f7-82464a069686,458.47092405179654,455.63365173339844,83.7093382600348
529,56d13d23-8f63-4e1f-b7e0-6f285e56cc28,356.9343723749421,351.5679931640625,132.41360361993867
530,4c46b34f-8373-4263-be5d-3e1293eabc1b,362.94264085005227,335.8168487548828,161.4030777648529
531,15e0d454-1527-4cf8-803d-df6936977528,360.19587502566736,356.8064880371094,107.5992137485138
532,091ab005-44e1-486a-a400-6be3128248c6,323.09429831404583,305.6452941894531,166.2215511332332
533,2938999e-de35-442f-a3cd-bd6043db145c,888.9588065168977,864.5683288574219,241.24768831867738
534,e27ecd30-8271-4dc4-9307-160515a72d9b,380.5287165093998,366.4591979980469,132.04221937454534
535,16cdd66a-7212-4531-bb09-0b262ce0014b,435.74160404496837,438.3089599609375,108.11897403033767
536,2711aaf3-bbf6-43a5-aea0-513f3bf28c7f,426.7006882105292,437.96661376953125,120.49436738762506
537,c20b13a3-ac21-44d5-917a-f8a173ddfa80,466.0206442104924,462.8712615966797,78.18346904684654
538,4d866648-2b94-4389-9c17-ecd91c249b82,472.84525400184725,466.19834899902344,100.97283317582114
539,90e0f92d-e458-46ae-97c4-e6f076583045,329.6688047198331,339.65179443359375,83.35296903374667
540,304c9d5d-45ff-4430-af69-158b61fa053c,418.11520690473105,395.69654846191406,165.4628740117062
541,f8a182a2-df19-4af6-918e-570b45d76ea9,351.60158548546184,344.56109619140625,104.76998422818245
542,4738e8f4-badf-4047-8e20-7bfc8d6c729c,412.60460251834877,413.0245056152344,98.25505860046033
543,dcb96aa8-16f6-41e3-817a-882dcea71f07,346.0475168296759,340.82379150390625,105.10853271404491
544,e0cc7ce1-3874-49ef-a016-b308963a2960,808.4327321194712,792.9932861328125,234.06702844345418
545,957f8eee-6a4a-4a01-9394-80a02a8c9805,481.35431553136107,477.3122863769531,96.73007802907813
546,4c902c24-762f-489e-853a-64fc73ec1709,478.3908580638744,475.9883575439453,83.93285800708324
547,420108c3-c847-4f34-b3ae-d3c38bb03bf6,442.7053255768957,449.60060119628906,98.03502789055611
548,662f95a4-e1c7-4359-b3c1-48ff1c75a658,346.8989780546685,346.3262939453125,110.40654932688656
549,0905b284-14a5-41a0-a0e5-b11148697663,382.45868432105004,382.2297058105469,112.57681087683127
550,57a5fbc8-52b7-430f-a0d0-fdd3f607144a,320.37530534729046,286.81329345703125,158.36301593048591
551,f696f380-eec8-4d29-b925-59b96da7b265,271.7127289444172,268.7721862792969,81.25458644326777
552,929c308d-2bd6-4d79-b946-3e918cbb3613,315.3604410029584,311.8183898925781,111.4272001967091
553,4b44c922-cd2b-4b08-86d2-5ea968d0978b,393.0912625994001,391.6480407714844,77.46220621003705
554,89502bb6-659e-4d46-b4ff-9f8090e475a0,486.7331020247652,475.9825134277344,125.90618258251995
555,fff10de4-3149-4bc9-acd4-01dcb6ef2af9,457.8540107128667,457.0939483642578,81.40578028654808
556,65ce99e2-6de4-4162-b0b9-bf431e7f7ea7,464.870077659539,459.3150939941406,82.78267826397382
557,97f768e6-ab40-472c-b408-89938e61ecd0,461.16747415257464,463.3617858886719,64.10649967584014
558,0e898ef7-d50c-4304-992e-0477fcae99d3,489.90146080422517,484.75640869140625,83.14530055448701
559,45620252-0830-42e3-b822-1a47fb9ca5c4,473.1244677734375,474.0042419433594,91.15590213222956
560,e9af5523-883b-42a0-99d7-f85c1fcc2e25,488.2157556012301,484.63238525390625,120.66652858651874
561,bfa8f71a-e8fc-4f09-951e-eb637814b651,540.3447895963427,544.4013061523438,112.54632880542002
562,04dcabee-c6fa-4be1-bcf8-6adbfd7bd2c4,514.8648221842448,512.1961059570312,92.08500281164784
563,506af19d-4601-482a-96a3-16afb2ac360a,560.6035810198102,571.4808959960938,113.1834894565716
564,2147eceb-2eaa-4e16-896a-72b638a66598,356.48223314232587,340.89366149902344,98.85844998275518
565,1dd86cb0-8d8a-48a1-b3bb-4d3f68a63e64,412.85335139224406,415.35655212402344,76.76770643296076
566,f2b19c59-9112-4605-a41c-29fd7137db11,357.4677016221549,358.0759582519531,111.36330751859437
567,88530b4e-247b-4b88-95af-fc3bb70ff1d2,392.22874121908035,362.510009765625,161.54570599210774
568,4b313184-b0e9-48c8-ba30-11c7b2258ac4,391.14729273458397,389.90350341796875,96.34783910944968
569,c44eb910-895e-44b2-9b9e-e8aab5a131e6,740.1034429953517,732.9483032226562,186.14051822580902
570,f74e5aaf-1de6-40e3-a05e-1992cdf5e868,561.2112949333064,550.0715942382812,140.2422006592791
571,eaabaa91-a37b-432a-92c2-f5c35bb1d5f0,734.3677836435284,715.9774475097656,213.68555114851443
572,e267c426-3792-4572-885b-6eab1f1cd78b,809.4729737422927,780.8864135742188,212.60821880351705
573,b87b1630-df46-4e29-a240-fac08e9a26b9,550.0238330317478,530.4852905273438,154.1487273950509
574,67034ab1-0881-474d-ab38-4f06fc03983d,535.0120777851827,520.3353881835938,134.62483328209262
575,7c62b68c-c960-47db-bc4d-d541be8d0dd5,443.9166097776139,416.989990234375,162.78011699399605
576,2729b07e-4e0d-41d1-924a-24523fbc1b77,399.8096142430459,330.02764892578125,209.22880664718133
577,78ab826d-7f07-4d36-97c6-b150dc09e2b1,286.50938360071393,265.0049133300781,124.84115151662114
578,39ee3ec6-f29f-42e3-a56a-180e44624573,350.2864986530321,318.73968505859375,161.32690539731064
579,6f3e0390-7278-43ad-ab21-c9615402bfae,479.6439064483554,467.37298583984375,124.64390794131815
580,2a288ea1-4254-433d-b4fd-5e945d39faae,448.40475461713294,464.25140380859375,139.84895446809097
581,33feda5c-3280-4a2e-a012-551940992b15,435.61738217105255,418.71141052246094,135.038350118681
582,aa6d6b50-134e-4f5b-9f9f-1e06ee90a74c,348.38180881388047,357.9749450683594,110.23641908254311
583,2f4a9342-f4ac-4ace-b821-f084a9ab0d35,401.2531223820332,374.783203125,139.9027623180992
584,569c7f4d-0f53-4796-bda7-032546c44a36,645.7789943203604,628.6533508300781,192.79768043566773
585,ecfc8457-e15f-48c4-bfc6-970730c7c9d5,714.0194697265625,706.4390869140625,192.95825887044487
586,6a36d332-14e1-4432-a77d-edfd4be1ad55,923.7114737270268,924.4061889648438,238.8684261295899
587,3ede80db-f9e2-433d-bed4-1fa03f9ba35c,968.5445211310135,954.5585021972656,221.77936129088016
588,bdaaceb6-7785-494c-bbdf-a07a3dd4de86,865.681083722061,881.4142150878906,214.57351146791402
589,d92bbc42-69ce-4c60-86fd-6be5e497b0ab,1105.462421123798,1104.6607055664062,248.8092023201379
590,6e31e145-35f0-4146-a053-4bda426e5612,816.6262161482626,803.9191284179688,291.5455623759402
591,03cea66d-84fa-4419-b2a5-12628bd88073,358.86618988478006,331.7376403808594,133.21503953490006
592,21553679-ab90-487e-8911-5961d6caefd8,479.0274748598795,407.9295959472656,220.3557971716908
593,e74441ff-5840-4a9e-b948-b2a431786015,589.6253223007532,581.7286071777344,158.22866063404717
594,087f38c6-99f1-4940-8b45-fd4fa864325a,610.2942211806511,602.63623046875,105.45859367207508
595,9900e617-d381-41d1-8d4c-a9e5ce3c5e19,648.3179839512087,641.5091552734375,176.3347379558907
596,18e92b5e-169d-43c3-805c-783133acb02c,579.2044454025009,548.3745727539062,195.04222073556426
597,549a470c-2636-42c3-b51d-d892fcce9750,548.3175924120851,518.7770080566406,169.10172915659916
598,2a2c373d-2d32-4adc-b1a4-1d4afd18c3f2,836.7124977235536,811.3489990234375,248.91169407190517
599,df98a0f3-bc60-4143-85b6-e30a442a3444,500.8290167223897,472.1838073730469,147.35152570058028
600,0d0bd046-b53c-45bf-9125-efffbc5f3dc3,602.1345568570224,622.6775207519531,88.66390450729126
601,a49fe15b-4f84-49a0-9ecf-7cb5f6c72492,349.6298102768262,337.8793487548828,125.71605087664302
602,9fdd5d87-beef-4d2f-92e8-68c0d9a9950d,514.6501581650039,493.9009094238281,136.74027506403144
603,b8171b61-5478-4a5c-ad3c-35e33a706d9b,587.5183133616031,576.2612915039062,120.97656654581408
604,bb580bd0-ef7a-40c2-ad98-86319d164196,492.94542945655616,475.3081512451172,133.59242385331154
605,ddc30233-9e6d-41d8-a90f-0b8c180064bd,544.1215893453802,541.097412109375,140.85976656290055
606,7c5327ee-29ca-45ac-90f4-fa7315f604b8,551.4878510848336,554.5040283203125,124.64247634516065
607,7d99b0a4-a0e7-421c-af2d-ee481f268d20,461.5852340559165,464.56874084472656,141.20346766935424
608,f289ce26-4338-4bbc-8a7f-d9e5f240b57d,454.8416936937968,445.8522033691406,113.38433297889854
609,484ca7ce-8928-465c-b330-564192c6a35a,430.7282877201529,421.67559814453125,95.68127245334749
610,acc5140e-3ee8-4bb2-aad5-7f63a208b9b4,558.3901077249344,553.2279052734375,115.98985089082414
611,30d3fda4-e575-4801-af9c-074040d312e1,508.0944462072745,497.9822082519531,138.42619293523595
612,944f05b4-8eb0-4a64-9dc9-f75999512438,544.0707943872972,526.2550354003906,169.62559813981915
613,ca40c3a5-e3ff-4709-a426-6cb479b79ef8,669.3205874516414,639.6548767089844,219.05918891275644
614,93f7f26b-1e1e-47e1-9c5a-af52931a6ddd,541.4789384219191,529.1795043945312,156.43353358815867
615,a33e8452-df62-4be8-8888-ccff0849a288,601.5370719513032,596.6931762695312,115.77291760537719
616,de99727a-24ef-45f1-91b1-98fe6d319496,611.2876507089411,613.0994873046875,161.400979088006
617,d7153455-fb0b-45d8-9280-64fab3fbdc49,530.4906900513847,513.9669494628906,145.6160953816745
618,f3b53066-e59a-4224-a5e8-2bfee2e06a01,596.8513317615814,588.3117065429688,174.10363260785678
619,6b2497f5-e119-4ed8-a0e6-b97bf3b17e9e,437.7505567581022,442.4501037597656,91.35110735471982
620,9184b7a3-b0aa-4433-ba0a-c456ab4cc184,537.018371773492,541.4315795898438,134.2378549077895
621,e608ca16-b31e-41bb-88eb-7520768a06e2,453.6079645777077,443.4143981933594,126.39172948702068
622,510f30d4-a3bb-4284-8b92-592b5f33f4a5,587.1700764108211,579.69140625,165.02644289211634
623,5b33f823-dc6a-441b-bb86-e85d68246fd4,579.2834166155922,572.5093994140625,138.60547212381758
624,bd464539-fd43-49e4-8014-804977417c2b,543.7329818859828,532.8012084960938,117.61425812438722
625,58933ed2-8825-4584-9180-4d19942b3f0e,614.0575440921752,611.9525146484375,135.25740304648028
626,b9f7ed6a-66dc-4c3a-9694-5c3a63264529,428.77645969732686,427.26300048828125,124.26811761679686
627,94c83b55-4bc5-4a5f-a8b6-ca0a7417f3ff,701.0714779840991,671.2868041992188,282.14106528986207
628,81e12bdd-6327-4610-96f3-de6de5d6d04d,838.3482427300347,796.9249267578125,238.8506158571335
629,fbaabc60-263e-4544-85ce-fb786683d3ca,360.56404049035274,359.6807861328125,85.69857031432042
630,e035b041-6979-49a9-9e91-29619e5e9b5c,450.2451205444336,437.99839782714844,139.20530493712897
631,fb4492b3-1b9d-4606-aeb8-1440d85189d3,436.36512118418887,427.82810974121094,119.23893119701415
632,efa9c76c-9598-4ff8-ab78-89a72d241292,492.7025028528792,488.39990234375,109.89046540552108
633,a41e0b8f-89a0-4684-b96a-8d0cdfc3462a,484.63346432101343,459.6546936035156,178.32155553382475
634,b4275e37-4c7c-4180-a093-673ffdd129d0,418.511879541851,412.7149963378906,135.96439217649677
635,432cae64-9214-47a3-88e6-394cf591e5c9,497.18290272713494,491.19720458984375,147.15021186635263
636,41fae42a-2e99-4a85-803d-8eca84812b94,461.8802420892979,465.5740051269531,125.62325116651522
637,af26e67b-b458-443a-87e6-46a57b06f9be,441.7279095976792,447.4955139160156,112.19476286943693
638,e08a1194-20f6-4db5-a82f-fd57f8c761e8,270.50960986283576,264.5216064453125,76.23862806551143
639,e8cba755-aa9e-49ee-90a7-a95fcf00d4d5,361.8882568651876,326.2773132324219,155.60407622222203
640,ba096d41-c56d-46dd-a55a-932c3eb01767,576.0316121375234,594.5364990234375,171.58725849264357
641,51ea9cb5-f1bf-44ba-88f5-49e5337d3bd7,458.5652268340935,448.3764953613281,170.88079889447422
642,66a145bd-717b-4118-8a25-75df691f09a5,551.0978739141874,507.3807067871094,223.89552146552234
643,2dcbb5a4-fe65-40a2-8a64-0ea16e8effc4,534.7217101186261,517.5581665039062,155.1457365908279
644,7b4a91a9-9928-4427-b1cb-42ba016cca22,419.4026818968651,405.4674530029297,114.57849630184276
645,7a124601-6b97-468a-8dc9-251a4021cfa4,548.8907375154424,517.7658996582031,196.46774766626487
646,6f3afa39-5ab7-425a-8781-7f9b8b3aecd2,698.644061538007,698.6242065429688,199.09833450346815
647,8fcf5342-0223-49ce-81bd-bb9d5115f026,629.4000809261705,609.50341796875,150.7784679955051
648,2cec7905-094f-4ece-9b1a-68ad764ff94a,614.4509365882402,629.31298828125,144.1031539880443
649,e8c18ba4-b747-46d0-9d87-4acec5f2f52c,599.46019387216,581.414794921875,160.86055288841644
650,fff0af27-c429-4291-9692-34193e7828e8,435.12981371144156,428.6686096191406,133.99199102752306
651,809fa880-892c-4b9f-9c2c-9d418275aa77,520.5330547454284,520.3222045898438,106.75356901599483
652,f89e8454-c5d2-43a1-8f27-07dff1d84247,560.8105188795357,560.860595703125,71.31211075945475
653,2d2dfea8-9d68-446e-a820-e9701a6b97e2,374.3401357252465,342.6719055175781,145.65565607372275
654,e4eec41c-3e86-414c-aeed-edf4fe1266ec,313.18684247999164,292.82598876953125,132.9816085320636
655,3c31446a-6436-41ef-ac54-100f891d0eab,451.5040018125014,455.6021423339844,94.34941227700408
656,3dc44af8-7725-4ae7-9eda-06b6e7c16451,471.5559371589212,463.7619934082031,110.1729123722235
657,32a04ca8-9483-4764-894c-aa4aa4aba2f5,452.5318283902682,447.1082000732422,88.38848244993376
658,e0bed6b0-6d28-4f63-b3ab-0a68531240b5,433.9400267286568,433.4779968261719,75.7475118906001
659,c2405ad7-d718-4287-81e5-6a51f284c6ec,437.92342721668405,432.62078857421875,116.27655504884409
660,cc1f59a3-095f-468c-8259-489e7af2e79f,394.90752291183617,386.0036926269531,108.69508893299411
661,8bf7e7c4-ad33-4ec6-aa07-077706ffebb6,454.57297763671875,451.0155029296875,108.63359402858993
662,a6d54ed6-b462-41d5-92a9-b887e3f306f4,422.26635790628103,414.4858093261719,110.61954492363043
663,c374f356-6242-42a3-97c2-ef1a8e3784ce,446.7772454339919,443.39990234375,85.52405812170358
664,e110afbd-a6c0-4f4c-a649-78cc19bf968a,421.33553118896486,422.3083038330078,123.13708272246119
665,1d673bc1-63f2-4227-b866-83a5667ebf22,393.6834714040772,403.0928955078125,103.75443732374163
666,31c8774f-92c1-49ec-8196-a7489ca7e14b,397.90553136219876,395.31878662109375,72.25804675195826
667,4e057e82-453b-4cc5-9e3e-9d2411c544ac,433.42486154542746,424.2811584472656,131.85056546804446
668,1baf2814-66be-4320-91b8-81db1e2f489d,484.1068607811789,480.1796569824219,156.9070276588007
669,8ce94bd5-89e2-4e51-9607-708db72099fe,628.4883731106471,593.0040893554688,217.33670613705925
670,b018353c-9447-43a9-a121-a0387c55edfa,429.4161807188054,408.96258544921875,143.63697598354878
671,f9fab122-bfab-45f0-abea-88f13b1c12c6,697.6676693552548,704.7710876464844,225.30920306637526
672,86be926f-ff44-4f38-9b65-8305f872f474,367.3906129635639,360.6720886230469,98.22684696902947
673,182dc7f5-8a63-4e37-bd56-734410c7f1d4,431.2955203586155,405.9562072753906,152.7638551317175
674,86284355-8c7b-4dac-aa53-2645bf2ed069,661.4417891114076,689.6336059570312,152.34828107119068
675,ff65e55b-fcaa-4204-8689-cea4a2707cc6,663.0903644462941,665.2542114257812,176.4933392045796
676,c439239a-7d9d-4700-991c-e4791551332b,863.4279722110954,850.5963134765625,254.54126797746844
677,7c8d0f63-9aaf-494f-9225-4f433776a4d2,346.205359149682,321.50531005859375,131.27425414227733
678,024811ae-718e-40f9-a497-a19e9fdbe419,369.6387108119987,350.01380920410156,143.48766869885037
679,236d377a-80e9-4f46-ab3d-0a9e8b8ebd94,526.5328061874599,457.2940979003906,225.43003035212234
680,0673dd63-29a6-4cf1-b6a0-6aea3ebb32f4,734.7168811451305,692.4714660644531,244.17495701444912
681,36da5044-b4a5-4fde-a887-b59a5af267c2,601.1908547503012,588.8036499023438,189.2615983862381
682,975722d6-55b7-4309-9cf6-58f04830c343,438.502004182105,430.52809143066406,122.20225216803249
683,bc4fb6fa-6a76-46ff-9161-8bad14c21e59,423.51641519271317,416.9931945800781,106.72171137892774
684,f497ebaa-3de2-4ea7-af0d-7b53572edd43,336.2296746826172,290.9156494140625,158.30590499512718
685,17c96b4c-2b07-4bf8-a6fb-573af4a39c78,524.0101621078464,484.5089111328125,209.94132651561142
686,5184319f-dba7-4dfe-9722-9680a601c029,346.6091445030276,329.9661865234375,119.1169207341846
687,94fb2076-2189-486d-9a2e-560998e7ea70,320.96448899451434,308.7409973144531,103.66269260659043
688,ce280705-a203-4adb-9740-a4b6635eaee3,373.745155499475,374.64520263671875,91.47088736965087
689,ae9efb4a-94f0-4a68-ad00-86f9745c2ebe,477.05170834079405,468.80511474609375,126.61007821786869
690,84fc4e81-0d61-46aa-8082-8ca74c9c8654,406.69517770962244,402.8887939453125,105.63806540429493
691,b79becbd-c803-4300-ac2d-f991a89c3adf,493.0909703214485,478.71539306640625,177.96656431410557
692,db594160-6453-469b-8efb-719cac2320e2,338.8198325213264,331.8525390625,79.02495198199657
693,9cf37e1f-6842-44bf-8d56-09075285e7d3,532.9874710713115,535.7738647460938,123.11180130006723
694,b6494bc1-de08-425d-a611-38cb0b760e27,530.9863853098076,516.3458862304688,167.06984455358202
695,1ee5906a-20a0-4807-856b-ef668294a2f5,636.1411150034972,619.4630432128906,187.25163626789524
696,d31313ff-99d3-46e2-a8b0-9427f1b24b9d,313.36102227346265,311.2616882324219,106.0659970836524
697,b8d9b46d-580a-4c60-874b-2f1c30434bed,388.01136625146813,383.3346862792969,84.42870282150533
698,11064f85-943c-4474-a97a-cfeecdbdb47f,435.09142673192304,433.4989013671875,79.67073016340487
699,f5eea2c5-b953-4b3a-9a70-541504de2a43,393.7176618270602,387.44676208496094,106.80429868863014
700,fc4913f5-63a4-43e4-8c22-a4980758803f,357.91936821069464,356.35418701171875,106.30665676843121
701,6f31f3dc-40ee-408a-9849-ce8273c9951f,439.6194673171179,440.3965148925781,80.02323256920151
702,fd319257-76cc-4382-8118-e52cc125dda2,463.18979773829824,459.6193084716797,101.17151253321693
703,6105809a-e03b-409d-93a8-cb610b25da45,437.91208191805106,441.8806610107422,89.63861979006168
704,a2f91d85-9dcf-4cb7-9eba-46829d3c1639,460.6708481634548,462.5580139160156,101.79142017875391
705,399c5e65-1e08-4271-a228-d84fffa60711,529.1382192438299,529.0910949707031,95.6028626110647
706,06b6f310-e104-4866-8e3c-fe723c9a5099,452.9358004742896,453.3656921386719,79.89288259592367
707,63ad40ac-2f56-47c3-ad21-eeb122ed1778,462.8324796476147,486.92808532714844,132.57340813889542
708,c1a1ed80-59ac-483d-bb4a-2ab817b51c6b,354.4586171223567,348.4853973388672,78.51438684874958
709,404aa31c-8172-41f8-876e-1fe531dbe3e2,353.9475850986894,357.00799560546875,96.61204641347845
710,38323f65-9f66-4f8b-8d36-709a981c6f7b,360.7969752302888,356.53179931640625,95.68606702350121
711,a41ca9be-601c-468a-a389-30d1b6992d13,302.56423436623504,302.6300964355469,56.854291446059804
712,d6de641c-3aed-4afb-9654-9d88bf3eba0e,300.83790909453563,289.1282043457031,124.05024683877988
713,383bbfe7-7c6c-4c74-812b-e559950cde72,457.93795182615145,451.5889892578125,94.12573453208554
714,b873dda8-d89d-4a39-9f43-0669a32a4327,472.9142816066742,466.6931915283203,86.78754388726868
715,76bfb2e5-d25d-40c3-8a66-1ef23b81a4f2,358.6165109685554,353.5509033203125,80.06792008077039
716,50f16801-4246-471c-8007-4159db4d5532,498.15931963774324,506.41259765625,90.11660779564077
717,a61952c7-f527-4b44-bb77-36848857ff38,544.3195343784352,545.6231079101562,107.76161524578642
718,e3629504-b836-4bef-864e-4155be5d51df,523.5803969259414,535.0734252929688,89.50874214272605
719,c8865549-903d-4a25-af1a-8ed06fbe9c5f,395.3272894392041,397.3601989746094,96.22350290495967
720,925dba74-66bd-4f68-b0fa-a717de71eb10,422.7421396276453,424.597900390625,72.39921437066201
721,7122bcf9-5dcb-423b-a1c0-7725eab32ec1,391.7967898664803,395.31201171875,58.46845726861028
722,fc205d22-4112-412c-8da5-9e02a3e5ccc8,394.4976328681497,387.0012512207031,70.6810220215926
723,42f57b7c-e636-4828-aa74-1bf3c4d72c75,363.00317847365795,351.9851989746094,90.23846050781742
724,c6ab194e-33d4-4708-a818-2c8b96a8920c,423.5288349498402,415.59991455078125,104.46232076592607
725,dfbf36ff-7248-4e2d-a4a6-acb4f06e5e64,395.4458194280075,394.9475402832031,72.06920011528877
726,6dce49a8-d5df-4905-9922-69dd59d2f8b5,507.30072640544427,509.6874084472656,124.9128900814645
727,12f5c840-ed23-40e1-a024-a81ffa3ff1e4,296.02617317882937,281.60675048828125,95.08204935634693
728,45501e39-b6b9-4a9e-a639-8b322db81603,292.4241193135579,284.41380310058594,89.05739167475944
729,9bf027d9-4697-48e1-8d96-30266f94d349,376.03215067010177,364.9304504394531,77.37362854763144
730,c6481a95-5624-48f1-b3f9-88a4674ea8f3,376.5628076033159,365.6160583496094,88.20010593645097
731,093a1c62-1567-4f41-8293-de03dbe9a854,387.6730853467581,381.8623046875,91.80978289752836
732,d5c4e03c-4d3f-40bd-aebe-6b3540a1eaa1,290.5281264839727,284.3598937988281,75.37718628171655
733,e9154f23-6f90-4c28-ba13-4e9e2bcd1350,341.73925772192274,335.4576110839844,81.57862589571329
734,a42a981e-1473-45f2-a24a-27956c0a00b6,400.78025386079827,402.7879943847656,78.95462334937932
735,170490bf-f06c-4f21-a68f-d7e0dfa53b0c,453.8715572208993,448.7770080566406,90.4309755194137
736,c217598a-3922-46d5-a825-5bf8c3e4cf98,485.48375701904297,483.3231964111328,65.80764662210203
737,fb855aa0-8de1-4bfa-8795-ebe5014bbe11,434.92350857074445,435.15525817871094,102.52084214998621
738,421edab6-0182-42f2-8843-9f845f6e93a4,459.1595577601284,464.1896057128906,84.7952154349848
739,55a989c1-c33d-44d0-84bc-747b25ae7f04,389.0479157014142,388.9955139160156,71.03007897655613
740,f0153711-fc90-4fa5-834b-450347b43767,302.35573994723234,305.2725524902344,59.082875116903374
741,2cd90032-89ad-4786-90f2-093983de1ff4,368.04892680109765,363.5365447998047,73.61673450734342
742,5b867da6-db03-4e07-be8c-6594704e7c9b,380.89220854803585,382.57440185546875,78.67294298873132
743,3f8f1972-52d4-4263-8435-4a1d6db2813d,362.3427424366118,351.7668914794922,93.9256253274683
744,4580cbd7-d113-4dce-b10c-4e6223e01cc5,324.86088417280655,325.64369201660156,49.08722161413393
745,deda957c-0c6f-4626-9ce7-f60bc6c15d08,340.54544886713444,343.1268005371094,73.07879221808864
746,4b374e09-e535-40c3-9dfc-f5ffebf762c1,305.79660241580706,293.0189514160156,70.69045339429766
747,28dbfcbc-1002-47c9-b188-49dad629b868,296.61138658399705,293.3086853027344,60.027231899657046
748,79071580-797b-4e88-9fa4-0b7a61ca305f,332.34786646916314,323.9621887207031,76.20181916564253
749,3bed4d59-4691-4ed5-90f2-9941ac61ebc3,256.31775459575977,251.23899841308594,46.775978620097966
750,6b95f72a-01fa-4f00-84c9-fbf1c70ad043,254.25398500086897,277.8398132324219,150.77906238588022
751,a7d3c488-8824-4f41-87d1-4993e4a56b18,333.7358272040068,333.6468505859375,37.4558153558471
752,b3c757ed-b8bc-4cb7-95a6-844a4db536fd,353.25308817545573,343.18701171875,73.45589742286141
753,c0f01795-b594-4913-a76c-1c70f003919c,679.7203336741826,637.4720458984375,184.06526675004523
754,d59b406c-8521-4fc3-b164-724c6d9ad054,720.5787670898437,699.7847290039062,142.43583902722423
755,45db7295-5b3e-4e0f-af38-f0763aa7c01a,569.574942613843,559.2337036132812,127.28237136611742
756,871285c1-be6f-4fd0-9d6f-a427ad72da34,583.4969222994565,565.715576171875,125.96387251536247
757,286992c3-b915-4a72-9358-7a4490b49f83,519.36504955681,487.567138671875,150.2522629367852
758,12494f75-8a96-4ec0-a9c8-96bc89aeeee5,550.220040275937,527.759033203125,146.8565701879275
759,b38c1e60-a21d-4028-a648-f71bdfd1cbb6,549.734872144441,527.1925048828125,165.20956494455413
760,fcc359ae-7189-4494-a6f8-c10c54a8ebab,514.180821768115,501.4396057128906,112.48395934863619
761,498a31a7-1bcb-4c54-a860-05cc30b9abd5,1071.7325296984848,1063.202880859375,230.40829477205688
762,6d4bf209-d35e-45e9-a328-5e725de99294,1090.431215296241,1109.9256591796875,262.0145264019078
763,a1069b8d-dcac-473e-afa4-d38e94b31493,517.5578516975778,494.9167938232422,118.32445793916636
764,cf03b969-e5dd-4c0f-bbc8-21d8de1addbf,738.808266038161,725.4569702148438,114.15523306219366
765,eb8cb016-c639-4d05-8210-5a2c043b3de9,791.1699494628906,785.9601135253906,199.00163160839287
766,67874f4f-93af-4b22-abd1-e42c65cc1a5d,617.3611805050872,604.2036743164062,177.96075942599518
767,9e9713dc-6429-43ea-9dfe-23ed3c639589,719.2225800868783,714.1956176757812,167.43801711542756
768,e5404088-e4d4-4f2c-a300-afe7b71ba46d,503.80498234229754,510.1844482421875,112.976659112497
769,f33d019e-cf66-48c6-8c60-b5d8e5c2f248,699.5241448430731,702.1129760742188,166.27104082441556
770,7d4b869e-846b-467f-b907-bad13ca893cb,695.786671796183,679.6585998535156,122.357573034213
771,0798838f-321f-4317-9cca-80d705cec3b3,480.7613414556986,472.4001922607422,104.56362058486523
772,f67f6fab-ec1f-4fe6-b1d7-61ce40fc937e,474.99420936019334,453.0495910644531,117.71632632115305
773,f8e11a38-894c-44a9-9549-084f44a7fe61,470.38812271389946,442.7784118652344,118.41624981219258
774,2791f64c-59d6-460c-8835-8eeb3666c420,591.6048303222656,549.9732055664062,220.22331310389762
775,8f13d7f5-de70-426d-a725-da2b37d11f4b,799.02131489345,806.095947265625,197.10188441990928
776,9ce63d7c-4ddc-4c3a-aecd-eb9b265ee099,579.9665242975408,540.7150573730469,162.228026725862
777,480ecc65-ba55-4132-90cf-ccd934a316c4,582.8865045464557,551.2376098632812,166.96928427385456
778,c2e2b1d7-3cda-47c9-b0d7-d98cb0cbd47f,673.3637782505581,639.4017944335938,158.3020018603078
779,dc235c87-996c-404a-b9cb-708a691d00b9,744.6234175248579,737.5737915039062,141.11889868269307
780,a79b2791-5d3a-451d-aec7-9d1ab420eaa8,476.4223506177975,461.5819091796875,122.63375420905606
781,bc138d85-5dc8-447e-a3d7-6c907fca0404,570.071988943532,557.9763793945312,141.2134133775499
782,8236fc50-3682-4850-86b3-e239d92abe0a,384.50046878796445,369.46240234375,107.44688660341546
783,ee82cc12-c6c4-4e2f-a2a2-be3dd61fcee9,382.357264846721,356.4530029296875,114.25795465307739
784,ad0564fa-70af-4b52-ad8c-9b260500219b,301.8340816135189,301.16571044921875,85.794808087676
785,1886390f-6790-4680-8ee4-bab377f3f373,413.7461450175875,385.8203887939453,128.32871838332386
786,3c53a268-5892-4b67-9888-719213d3d375,502.85403362493867,489.1463928222656,128.5470923168312
787,a45b8dfc-b0d4-4241-a499-65d4b0cea627,465.5007588704427,473.9301452636719,125.34619177787756
788,24328727-da7e-40fb-9c60-2db181b9bd4e,533.154567232068,502.1784973144531,180.54023539591614
789,4592dda2-481c-4820-8adf-801b155e6229,361.5566692049541,337.6859588623047,124.70038115725687
790,fdc49dd8-e10b-442c-91b4-321d43d64504,349.9731025955304,328.956298828125,105.47718741553295
791,9edaf720-c55f-4d5d-b4e6-cbeac4edcdb4,345.7767561655196,342.23805236816406,65.58336580592794
792,584948c4-3b07-48eb-92ce-e5ab1f2cedc0,495.1143974939982,465.2947998046875,153.45586991776304
793,d4acf039-8906-4606-b0ee-9993e99c8ced,406.1164071329959,369.1261901855469,143.6945323059176
794,2ce23889-8519-4389-a015-b1b85af89637,356.9759842399117,335.8787078857422,106.55919608549156
795,5f9b12a7-582a-454b-b007-1feff0530f5f,433.4316750503168,439.59144592285156,89.05699858745383
796,83593092-920b-4aec-842d-8ac79094c5c3,438.01901398784264,443.8764953613281,100.93227477589646
797,43925cb9-7e22-489e-a882-022da3228cc5,434.52898482876924,435.6138916015625,101.68105037781133
798,0a09cfae-ab5c-4dc0-a4a6-de9be7977d3e,470.8444816002479,461.3677062988281,113.68962541290419
799,1d59743c-1211-4cc0-b91c-e1eb92c36442,440.77757635498045,411.8731994628906,131.34689412855224
800,e7d1c589-5e64-4788-91f3-c53db38ef28e,488.1005999345957,495.28125,102.09824942348136
801,88422f1d-23bb-47fb-850a-5c844bd962ff,515.7186287513146,484.427490234375,122.52517253604069
802,7713213e-7938-459b-a6ab-cfe379094175,532.0514172331242,516.2368774414062,114.83264998257233
803,86fe9b7b-11ec-42c0-b5c0-3ca07fd6c631,539.9599973417176,512.57958984375,137.83220149039363
804,d5e37660-0bbf-47a4-910b-e10181a9cc1c,691.3128695101351,668.7127075195312,253.67585338920424
805,33b0936f-a26e-49c1-98d5-8292a7c53e71,1066.6122308187928,1107.3515625,318.82431183818755
806,bc57aff9-efa7-4389-b4c5-fb43f43a7225,1318.9076399870723,1345.6318359375,326.4067455078077
807,a0ecc25f-c7e8-4a10-b44f-b0bb2c5c2470,1316.6789228797445,1343.402587890625,411.6443856968187
808,20ed6673-6d94-4715-96f7-8a18488af5e9,1121.1287771060768,1118.431396484375,323.81772038350874
809,277fc30f-c726-4133-aadf-1209cfdb16ae,915.0376109151007,903.4541931152344,266.79036651919364
810,5785c8a7-6305-48cc-b404-61339bef438b,967.348274960046,953.8053588867188,212.42216044815345
811,6d0ce223-066c-4b18-83b0-a590708c2bec,1193.9469333261804,1214.0989990234375,306.201367416266
812,1320a2b4-2e7b-40b6-8fdc-5d225de11ecf,710.8257963708428,702.940673828125,207.11699439035172
813,5eb91e19-cc65-40af-ad9e-e007a08e3064,1081.688362975864,1080.5784912109375,256.5354908897168
814,1e329f3c-c7cf-4290-a5ec-f55c83acac9c,681.1788338441652,679.9426879882812,182.97352497665418
815,94809015-eaee-4fbf-a6d6-aef49e3790d7,623.6532023462756,632.7745971679688,164.3966520625773
816,9b999337-5e3f-4767-b693-4e69487edff0,834.205071190993,846.4080810546875,213.44530803842505
817,87000ec3-355b-4b4d-8084-2bc9f7153216,1274.3848765621794,1302.98095703125,275.14585392722785
818,c0d6ffd8-6de1-49fd-83ef-91e198584d11,416.31407890790774,425.8734130859375,74.49761984217022
819,d505757e-2bd8-465a-ab34-459536205784,433.16124008765587,434.6674041748047,80.34291830407105
820,72ab84df-708c-4cc7-aa3f-84e6cc022f99,437.12216471376377,443.8357849121094,104.0698685255027
821,bb936daa-e3ff-40ca-a0c3-c377d998711f,419.65333642924145,430.83103942871094,85.56940540726279
822,52e0420d-886a-4132-beaa-93281de42fde,470.4500247814037,488.3291015625,114.66303457160532
823,cadf9901-c879-4880-836b-238430ae8bad,423.2662019267481,430.0934143066406,108.85984403694715
